City,Country,Continent
Tokyo,Japan,Asia
Osaka,Japan,Asia
Yokohama,Japan,Asia
Nagoya,Japan,Asia
Fukuoka,Japan,Asia
Sapporo,Japan,Asia
Sendai,Japan,Asia
Hiroshima,Japan,Asia
Kyoto,Japan,Asia
Kobe,Japan,Asia
Kawasaki,Japan,Asia
Kitakyushu,Japan,Asia
Hamamatsu,Japan,Asia
Naha,Japan,Asia
Okayama,Japan,Asia
Kumamoto,Japan,Asia
Shizuoka,Japan,Asia
Utsunomiya,Japan,Asia
Nagano,Japan,Asia
Hachioji,Japan,Asia
Niigata,Japan,Asia
Kagoshima,Japan,Asia
Kanazawa,Japan,Asia
Otsu,Japan,Asia
Matsuyama,Japan,Asia
Tsu,Japan,Asia
Oita,Japan,Asia
Tokushima,Japan,Asia
Wakayama,Japan,Asia
Nagasaki,Japan,Asia
Gifu,Japan,Asia
Iwaki,Japan,Asia
Asahikawa,Japan,Asia
Mito,Japan,Asia
Maebashi,Japan,Asia
Koriyama,Japan,Asia
Kawagoe,Japan,Asia
Kochi,Japan,Asia
Takamatsu,Japan,Asia
Toyama,Japan,Asia
Miyazaki,Japan,Asia
Akita,Japan,Asia
Hakodate,Japan,Asia
Aomori,Japan,Asia
Morioka,Japan,Asia
Fukushima,Japan,Asia
Yamagata,Japan,Asia
Fukui,Japan,Asia
Shimonoseki,Japan,Asia
Hachinohe,Japan,Asia
Sasebo,Japan,Asia
Matsumoto,Japan,Asia
Kushiro,Japan,Asia
Kofu,Japan,Asia
Kure,Japan,Asia
Nagaoka,Japan,Asia
Hirosaki,Japan,Asia
Tomakomai,Japan,Asia
Obihiro,Japan,Asia
Takaoka,Japan,Asia
Matsue,Japan,Asia
Muroran,Japan,Asia
Tottori,Japan,Asia
Otaru,Japan,Asia
Kitami,Japan,Asia
Sakata,Japan,Asia
Tsuruoka,Japan,Asia
Maizuru,Japan,Asia
Kanoya,Japan,Asia
New York,United States,America
Los Angeles,United States,America
Chicago,United States,America
Miami,United States,America
Dallas,United States,America
Philadelphia,United States,America
Houston,United States,America
"Washington, D.C.",United States,America
Atlanta,United States,America
Boston,United States,America
Phoenix,United States,America
Seattle,United States,America
San Francisco,United States,America
Detroit,United States,America
San Diego,United States,America
Minneapolis,United States,America
Tampa,United States,America
Denver,United States,America
Brooklyn,United States,America
Queens,United States,America
Baltimore,United States,America
Riverside,United States,America
Saint Louis,United States,America
Las Vegas,United States,America
Portland,United States,America
San Antonio,United States,America
Sacramento,United States,America
San Jose,United States,America
Orlando,United States,America
Cleveland,United States,America
Pittsburgh,United States,America
Cincinnati,United States,America
Manhattan,United States,America
Austin,United States,America
Kansas City,United States,America
Indianapolis,United States,America
Columbus,United States,America
Virginia Beach,United States,America
Charlotte,United States,America
Bronx,United States,America
Milwaukee,United States,America
Providence,United States,America
Jacksonville,United States,America
Salt Lake City,United States,America
Nashville,United States,America
Memphis,United States,America
Richmond,United States,America
New Orleans,United States,America
Raleigh,United States,America
Louisville,United States,America
Oklahoma City,United States,America
Bridgeport,United States,America
Buffalo,United States,America
Hartford,United States,America
Fort Worth,United States,America
Tucson,United States,America
El Paso,United States,America
Honolulu,United States,America
Omaha,United States,America
McAllen,United States,America
Albuquerque,United States,America
Birmingham,United States,America
Dayton,United States,America
Rochester,United States,America
Sarasota,United States,America
Fresno,United States,America
Allentown,United States,America
Tulsa,United States,America
Concord,United States,America
Cape Coral,United States,America
Springfield,United States,America
Colorado Springs,United States,America
Charleston,United States,America
Grand Rapids,United States,America
Mission Viejo,United States,America
Albany,United States,America
Knoxville,United States,America
Baton Rouge,United States,America
Bakersfield,United States,America
Ogden,United States,America
New Haven,United States,America
Columbia,United States,America
Akron,United States,America
Provo,United States,America
Worcester,United States,America
Mesa,United States,America
Palm Bay,United States,America
Toledo,United States,America
Murrieta,United States,America
Wichita,United States,America
Des Moines,United States,America
Staten Island,United States,America
Long Beach,United States,America
Greenville,United States,America
Little Rock,United States,America
Harrisburg,United States,America
Denton,United States,America
Madison,United States,America
Reno,United States,America
Port Saint Lucie,United States,America
Oakland,United States,America
Winston-Salem,United States,America
Indio,United States,America
Durham,United States,America
Syracuse,United States,America
Chattanooga,United States,America
Lancaster,United States,America
Spokane,United States,America
Palm Coast,United States,America
Arlington,United States,America
Bonita Springs,United States,America
Poughkeepsie,United States,America
Stockton,United States,America
Oxnard,United States,America
Augusta,United States,America
Scranton,United States,America
Boise,United States,America
Modesto,United States,America
Kissimmee,United States,America
Youngstown,United States,America
Aurora,United States,America
Anaheim,United States,America
Victorville,United States,America
Pensacola,United States,America
Fayetteville,United States,America
Corpus Christi,United States,America
Jackson,United States,America
Greensboro,United States,America
Flint,United States,America
Santa Ana,United States,America
Fort Wayne,United States,America
Ann Arbor,United States,America
Santa Rosa,United States,America
Lansing,United States,America
Mobile,United States,America
Lexington,United States,America
Huntsville,United States,America
Santa Clarita,United States,America
Asheville,United States,America
Saint Paul,United States,America
Fort Collins,United States,America
Antioch,United States,America
Henderson,United States,America
Trenton,United States,America
Lakeland,United States,America
Shreveport,United States,America
Davenport,United States,America
Plano,United States,America
Rockford,United States,America
Newark,United States,America
Lincoln,United States,America
Round Lake Beach,United States,America
South Bend,United States,America
Savannah,United States,America
Irvine,United States,America
Canton,United States,America
Jersey City,United States,America
Chula Vista,United States,America
Eugene,United States,America
Reading,United States,America
Lafayette,United States,America
Saint Petersburg,United States,America
Lubbock,United States,America
Peoria,United States,America
Myrtle Beach,United States,America
Laredo,United States,America
Salem,United States,America
Montgomery,United States,America
Chandler,United States,America
Anchorage,United States,America
Tallahassee,United States,America
Scottsdale,United States,America
Killeen,United States,America
Glendale,United States,America
Wilmington,United States,America
Winter Haven,United States,America
Norfolk,United States,America
North Las Vegas,United States,America
Gilbert,United States,America
Atlantic City,United States,America
Chesapeake,United States,America
Irving,United States,America
Hialeah,United States,America
Garland,United States,America
McKinney,United States,America
Fremont,United States,America
Visalia,United States,America
York,United States,America
Kennewick,United States,America
Evansville,United States,America
Nashua,United States,America
Brownsville,United States,America
Appleton,United States,America
Gulfport,United States,America
Thousand Oaks,United States,America
Avondale,United States,America
San Bernardino,United States,America
Bremerton,United States,America
Roanoke,United States,America
Hickory,United States,America
Kalamazoo,United States,America
Tacoma,United States,America
Fontana,United States,America
Green Bay,United States,America
College Station,United States,America
Moreno Valley,United States,America
Amarillo,United States,America
Fargo,United States,America
Santa Barbara,United States,America
Norwich,United States,America
Yonkers,United States,America
Huntington Beach,United States,America
Gainesville,United States,America
Olympia,United States,America
North Port,United States,America
Huntington,United States,America
Deltona,United States,America
Grand Prairie,United States,America
Salinas,United States,America
Waterbury,United States,America
Overland Park,United States,America
Waco,United States,America
Erie,United States,America
Cedar Rapids,United States,America
Hagerstown,United States,America
Tempe,United States,America
Spartanburg,United States,America
Clarksville,United States,America
Gastonia,United States,America
Lorain,United States,America
Sioux Falls,United States,America
Fort Lauderdale,United States,America
Newport News,United States,America
High Point,United States,America
Santa Cruz,United States,America
Rancho Cucamonga,United States,America
Frisco,United States,America
Danbury,United States,America
Hemet,United States,America
Oceanside,United States,America
Ontario,United States,America
Vancouver,United States,America
Garden Grove,United States,America
Nampa,United States,America
Vallejo,United States,America
Elk Grove,United States,America
Pembroke Pines,United States,America
Medford,United States,America
Corona,United States,America
Murfreesboro,United States,America
Marysville,United States,America
Cary,United States,America
Fredericksburg,United States,America
Ocala,United States,America
Manchester,United States,America
Hayward,United States,America
Muskegon,United States,America
Alexandria,United States,America
Port Arthur,United States,America
Palmdale,United States,America
Champaign,United States,America
Frederick,United States,America
Lakewood,United States,America
Tuscaloosa,United States,America
Sunnyvale,United States,America
Lake Charles,United States,America
Hollywood,United States,America
Pasadena,United States,America
Pomona,United States,America
Escondido,United States,America
Binghamton,United States,America
Warner Robins,United States,America
New Bedford,United States,America
Topeka,United States,America
Beaumont,United States,America
Paterson,United States,America
Joliet,United States,America
Leesburg,United States,America
Elkhart,United States,America
Odessa,United States,America
Naperville,United States,America
Fairfield,United States,America
Torrance,United States,America
Panama City,United States,America
Bellevue,United States,America
Midland,United States,America
Merced,United States,America
Mesquite,United States,America
Houma,United States,America
Pueblo,United States,America
Tyler,United States,America
Orange,United States,America
Fullerton,United States,America
Miramar,United States,America
Santa Maria,United States,America
Athens,United States,America
Yuma,United States,America
Olathe,United States,America
Thornton,United States,America
Harlingen,United States,America
Grand Junction,United States,America
West Valley City,United States,America
Carrollton,United States,America
Roseville,United States,America
Warren,United States,America
Bloomington,United States,America
Hampton,United States,America
Surprise,United States,America
Las Cruces,United States,America
Greeley,United States,America
Yakima,United States,America
Coral Springs,United States,America
Sterling Heights,United States,America
Mauldin,United States,America
Racine,United States,America
Stamford,United States,America
Elizabeth,United States,America
Kent,United States,America
Simi Valley,United States,America
Burlington,United States,America
Santa Clara,United States,America
Johnson City,United States,America
Boulder,United States,America
Bellingham,United States,America
Fort Smith,United States,America
Lynchburg,United States,America
Kenosha,United States,America
South Lyon,United States,America
Round Rock,United States,America
Berkeley,United States,America
Billings,United States,America
Redding,United States,America
Yuba City,United States,America
Duluth,United States,America
Pearland,United States,America
Leominster,United States,America
Saginaw,United States,America
Iowa City,United States,America
Arvada,United States,America
Seaside,United States,America
Kingsport,United States,America
Independence,United States,America
Richardson,United States,America
Gilroy,United States,America
El Monte,United States,America
Rock Hill,United States,America
Clearwater,United States,America
Monroe,United States,America
Dover,United States,America
Carlsbad,United States,America
Norman,United States,America
Abilene,United States,America
Texas City,United States,America
Temecula,United States,America
Utica,United States,America
Saint Cloud,United States,America
Saint George,United States,America
West Jordan,United States,America
Costa Mesa,United States,America
Miami Gardens,United States,America
Cambridge,United States,America
Downey,United States,America
Coeur d'Alene,United States,America
Westminster,United States,America
Elgin,United States,America
El Centro,United States,America
Waterloo,United States,America
Lowell,United States,America
Gresham,United States,America
North Charleston,United States,America
Inglewood,United States,America
Pompano Beach,United States,America
Centennial,United States,America
West Palm Beach,United States,America
Everett,United States,America
Santa Fe,United States,America
Clovis,United States,America
Pottstown,United States,America
Broken Arrow,United States,America
West Covina,United States,America
Turlock,United States,America
Daly City,United States,America
Eau Claire,United States,America
Hillsboro,United States,America
Sandy Springs,United States,America
Sioux City,United States,America
Chico,United States,America
Norwalk,United States,America
Salisbury,United States,America
Lewisville,United States,America
Davie,United States,America
League City,United States,America
Burbank,United States,America
San Mateo,United States,America
El Cajon,United States,America
Rialto,United States,America
Bend,United States,America
Charlottesville,United States,America
La Crosse,United States,America
Temple,United States,America
Vista,United States,America
Renton,United States,America
Sparks,United States,America
Holland,United States,America
Vacaville,United States,America
Logan,United States,America
Allen,United States,America
Longview,United States,America
Meridian,United States,America
San Angelo,United States,America
Wichita Falls,United States,America
Longmont,United States,America
Manteca,United States,America
Boca Raton,United States,America
Spokane Valley,United States,America
Orem,United States,America
Middletown,United States,America
Compton,United States,America
Idaho Falls,United States,America
Beaverton,United States,America
Bismarck,United States,America
Lawrence,United States,America
Prescott Valley,United States,America
Federal Way,United States,America
San Marcos,United States,America
Rio Rancho,United States,America
Tracy,United States,America
Brockton,United States,America
South Gate,United States,America
Hesperia,United States,America
Roswell,United States,America
Mandeville,United States,America
Vineland,United States,America
Portsmouth,United States,America
Dearborn,United States,America
Sunrise,United States,America
Quincy,United States,America
Livonia,United States,America
Lynn,United States,America
Plantation,United States,America
Slidell,United States,America
Carson,United States,America
Terre Haute,United States,America
Blacksburg,United States,America
Miami Beach,United States,America
Santa Monica,United States,America
Carmel,United States,America
Hanford,United States,America
Edmond,United States,America
Fishers,United States,America
Lawton,United States,America
Florence,United States,America
Livermore,United States,America
Lees Summit,United States,America
Menifee,United States,America
San Leandro,United States,America
Bowling Green,United States,America
Edinburg,United States,America
Suffolk,United States,America
Missoula,United States,America
Chino,United States,America
Auburn,United States,America
Fall River,United States,America
Decatur,United States,America
Newton,United States,America
Rapid City,United States,America
Muncie,United States,America
Kirkland,United States,America
Sugar Land,United States,America
State College,United States,America
Citrus Heights,United States,America
Hawthorne,United States,America
Waukegan,United States,America
O'Fallon,United States,America
Napa,United States,America
Dalton,United States,America
Whittier,United States,America
Redwood City,United States,America
Mount Pleasant,United States,America
Clifton,United States,America
Anderson,United States,America
Joplin,United States,America
Newport Beach,United States,America
Alhambra,United States,America
Hoover,United States,America
Largo,United States,America
Mission,United States,America
Conroe,United States,America
Johns Creek,United States,America
Lake Forest,United States,America
Bryan,United States,America
Port Huron,United States,America
Troy,United States,America
Madera,United States,America
Buena Park,United States,America
Pleasanton,United States,America
Cicero,United States,America
Melbourne,United States,America
Westland,United States,America
Mountain View,United States,America
Somerville,United States,America
Cranston,United States,America
Farmington Hills,United States,America
Hattiesburg,United States,America
Warwick,United States,America
Williamsburg,United States,America
Saint Joseph,United States,America
Brooklyn Park,United States,America
Deerfield Beach,United States,America
Tustin,United States,America
Alton,United States,America
Chino Hills,United States,America
Texarkana,United States,America
New Rochelle,United States,America
Fort Myers,United States,America
Goodyear,United States,America
Springdale,United States,America
Pharr,United States,America
Valdosta,United States,America
Alameda,United States,America
Parma,United States,America
New Braunfels,United States,America
Kokomo,United States,America
Cheyenne,United States,America
Flagstaff,United States,America
Plymouth,United States,America
Franklin,United States,America
Milpitas,United States,America
Folsom,United States,America
Kankakee,United States,America
Lebanon,United States,America
Perris,United States,America
Bellflower,United States,America
Boynton Beach,United States,America
Watsonville,United States,America
Elizabethtown,United States,America
Wheeling,United States,America
Upland,United States,America
Baytown,United States,America
Battle Creek,United States,America
Porterville,United States,America
Loveland,United States,America
Layton,United States,America
Flower Mound,United States,America
Hammond,United States,America
Lake Jackson,United States,America
Davis,United States,America
Zephyrhills,United States,America
Baldwin Park,United States,America
Altoona,United States,America
Gary,United States,America
Wyoming,United States,America
Saint Augustine,United States,America
San Ramon,United States,America
Bethlehem,United States,America
Cedar Park,United States,America
Arlington Heights,United States,America
Union City,United States,America
Bolingbrook,United States,America
Anniston,United States,America
Oshkosh,United States,America
Evanston,United States,America
Camarillo,United States,America
Camden,United States,America
Hilton Head Island,United States,America
Missouri City,United States,America
Rochester Hills,United States,America
Schaumburg,United States,America
Winchester,United States,America
Harrisonburg,United States,America
Wausau,United States,America
Jonesboro,United States,America
Rancho Cordova,United States,America
Southfield,United States,America
Owensboro,United States,America
Apple Valley,United States,America
Pasco,United States,America
Conway,United States,America
Lodi,United States,America
New Britain,United States,America
Mansfield,United States,America
Waukesha,United States,America
Morgantown,United States,America
Pittsburg,United States,America
Sumter,United States,America
Pawtucket,United States,America
Lauderhill,United States,America
Dothan,United States,America
Redlands,United States,America
Wenatchee,United States,America
Passaic,United States,America
Lynwood,United States,America
Maple Grove,United States,America
Pocatello,United States,America
South Jordan,United States,America
Weston,United States,America
Georgetown,United States,America
Janesville,United States,America
North Richland Hills,United States,America
Saint Charles,United States,America
Sheboygan,United States,America
Homestead,United States,America
Bristol,United States,America
Lima,United States,America
Walnut Creek,United States,America
Woodbury,United States,America
West Bend,United States,America
Mount Vernon,United States,America
Daphne,United States,America
Delray Beach,United States,America
Gaithersburg,United States,America
Palatine,United States,America
Dubuque,United States,America
Bossier City,United States,America
Buckeye,United States,America
Rockville,United States,America
Broomfield,United States,America
Victoria,United States,America
Yorba Linda,United States,America
Ames,United States,America
Daytona Beach,United States,America
Redondo Beach,United States,America
Carbondale,United States,America
Hanover,United States,America
Saratoga Springs,United States,America
DeKalb,United States,America
Casper,United States,America
Kenner,United States,America
South San Francisco,United States,America
Sherman,United States,America
Petaluma,United States,America
Bayonne,United States,America
Palo Alto,United States,America
Weirton,United States,America
Bay City,United States,America
Eagan,United States,America
Los Lunas,United States,America
Corvallis,United States,America
Rogers,United States,America
Lake Elsinore,United States,America
Laguna Niguel,United States,America
Grand Forks,United States,America
North Little Rock,United States,America
Alpharetta,United States,America
Tamarac,United States,America
Schenectady,United States,America
Great Falls,United States,America
West Des Moines,United States,America
Shawnee,United States,America
East Orange,United States,America
San Clemente,United States,America
Michigan City,United States,America
Jupiter,United States,America
Wellington,United States,America
Rocklin,United States,America
Rocky Mount,United States,America
Fairbanks,United States,America
Elmira,United States,America
Johnstown,United States,America
Blaine,United States,America
Sammamish,United States,America
Eden Prairie,United States,America
Redmond,United States,America
Glens Falls,United States,America
Parkersburg,United States,America
Skokie,United States,America
Tulare,United States,America
Lakeville,United States,America
Haverhill,United States,America
Pico Rivera,United States,America
Beloit,United States,America
Pflugerville,United States,America
Eastvale,United States,America
Port Orange,United States,America
Montebello,United States,America
Encinitas,United States,America
Rowlett,United States,America
Monessen,United States,America
Sebring,United States,America
Lehi,United States,America
Coon Rapids,United States,America
La Habra,United States,America
Waltham,United States,America
Brentwood,United States,America
Ankeny,United States,America
San Luis Obispo,United States,America
Council Bluffs,United States,America
Castle Rock,United States,America
North Miami,United States,America
Hamilton,United States,America
Mankato,United States,America
Noblesville,United States,America
Gadsden,United States,America
Moore,United States,America
Burnsville,United States,America
National City,United States,America
Taylor,United States,America
Malden,United States,America
Doral,United States,America
Marietta,United States,America
Monterey Park,United States,America
Coconut Creek,United States,America
Rome,United States,America
Dublin,United States,America
Cupertino,United States,America
Morristown,United States,America
Gardena,United States,America
Millcreek,United States,America
Woodland,United States,America
La Mesa,United States,America
Taylorsville,United States,America
Benton Harbor,United States,America
West Allis,United States,America
Meriden,United States,America
Chapel Hill,United States,America
Pontiac,United States,America
Novi,United States,America
Saint Clair Shores,United States,America
Beckley,United States,America
Sanford,United States,America
Royal Oak,United States,America
Bangor,United States,America
Bartlett,United States,America
San Rafael,United States,America
White Plains,United States,America
Goldsboro,United States,America
Bowie,United States,America
Huntington Park,United States,America
Arcadia,United States,America
Lewiston,United States,America
Orland Park,United States,America
Casa Grande,United States,America
Staunton,United States,America
Margate,United States,America
Jefferson City,United States,America
Des Plaines,United States,America
Santee,United States,America
Hot Springs,United States,America
Walla Walla,United States,America
Carson City,United States,America
Hendersonville,United States,America
Titusville,United States,America
Greenwood,United States,America
Midwest City,United States,America
Saint Peters,United States,America
Taunton,United States,America
New Brunswick,United States,America
East Stroudsburg,United States,America
Smyrna,United States,America
Tinley Park,United States,America
Diamond Bar,United States,America
Bradenton,United States,America
Fountain Valley,United States,America
Pittsfield,United States,America
Richland,United States,America
Huntersville,United States,America
Shoreline,United States,America
Oak Lawn,United States,America
Novato,United States,America
Commerce City,United States,America
Hempstead,United States,America
Cartersville,United States,America
Dearborn Heights,United States,America
Kingston,United States,America
Berwyn,United States,America
Chicopee,United States,America
Hazleton,United States,America
Ithaca,United States,America
Highland,United States,America
Lake Havasu City,United States,America
Kettering,United States,America
Euless,United States,America
Hoboken,United States,America
Palm Beach Gardens,United States,America
Watertown,United States,America
Grants Pass,United States,America
Blue Springs,United States,America
Paramount,United States,America
West Haven,United States,America
Colton,United States,America
Caldwell,United States,America
Fond du Lac,United States,America
Arroyo Grande,United States,America
Cathedral City,United States,America
Cape Girardeau,United States,America
Rosemead,United States,America
Delano,United States,America
Stonecrest,United States,America
Twin Falls,United States,America
Williamsport,United States,America
Eagle Pass,United States,America
Normal,United States,America
West New York,United States,America
Beaufort,United States,America
Parker,United States,America
Southaven,United States,America
Brunswick,United States,America
Revere,United States,America
Grapevine,United States,America
Bozeman,United States,America
Mount Prospect,United States,America
Elyria,United States,America
Yucaipa,United States,America
DeSoto,United States,America
Lenexa,United States,America
Brookhaven,United States,America
West Sacramento,United States,America
Grand Island,United States,America
Wheaton,United States,America
Tigard,United States,America
Minnetonka,United States,America
Peabody,United States,America
City of Milford (balance),United States,America
Palm Desert,United States,America
Lompoc,United States,America
Pinellas Park,United States,America
Perth Amboy,United States,America
Farmington,United States,America
Glendora,United States,America
Chambersburg,United States,America
Oak Park,United States,America
Placentia,United States,America
Edina,United States,America
Kentwood,United States,America
Burien,United States,America
Aliso Viejo,United States,America
Sierra Vista,United States,America
Hoffman Estates,United States,America
Apopka,United States,America
Florissant,United States,America
Bloomsburg,United States,America
Plainfield,United States,America
Coral Gables,United States,America
Cerritos,United States,America
Hinesville,United States,America
New Bern,United States,America
Apex,United States,America
Summerville,United States,America
Collierville,United States,America
Methuen,United States,America
Helena,United States,America
Poway,United States,America
Mexico City,Mexico,America
Guadalajara,Mexico,America
Monterrey,Mexico,America
Puebla,Mexico,America
Tijuana,Mexico,America
Toluca,Mexico,America
Leon,Mexico,America
Ciudad Juarez,Mexico,America
Torreon,Mexico,America
Nezahualcoyotl,Mexico,America
San Luis Potosi,Mexico,America
Merida,Mexico,America
Queretaro,Mexico,America
Mexicali,Mexico,America
Aguascalientes,Mexico,America
Tampico,Mexico,America
Cuernavaca,Mexico,America
Culiacan,Mexico,America
Chihuahua,Mexico,America
Saltillo,Mexico,America
Acapulco,Mexico,America
Morelia,Mexico,America
Hermosillo,Mexico,America
Veracruz,Mexico,America
Cancun,Mexico,America
Matamoros,Mexico,America
Oaxaca,Mexico,America
Tlaxcala,Mexico,America
Mazatlan,Mexico,America
Reynosa,Mexico,America
Tuxtla Gutierrez,Mexico,America
Durango,Mexico,America
Xalapa,Mexico,America
Villahermosa,Mexico,America
Gomez Palacio,Mexico,America
Celaya,Mexico,America
Orizaba,Mexico,America
Nuevo Laredo,Mexico,America
Irapuato,Mexico,America
Pachuca,Mexico,America
Tepic,Mexico,America
Ciudad Obregon,Mexico,America
Coatzacoalcos,Mexico,America
Ciudad Victoria,Mexico,America
Uruapan,Mexico,America
Ensenada,Mexico,America
Poza Rica de Hidalgo,Mexico,America
Zumpango,Mexico,America
Los Mochis,Mexico,America
Tehuacan,Mexico,America
Monclova,Mexico,America
Zacatecas,Mexico,America
Colima,Mexico,America
Tapachula,Mexico,America
Cordoba,Mexico,America
Zamora,Mexico,America
Campeche,Mexico,America
Minatitlan,Mexico,America
Salamanca,Mexico,America
Ciudad Madero,Mexico,America
La Paz,Mexico,America
Puerto Vallarta,Mexico,America
San Cristobal de Las Casas,Mexico,America
Chilpancingo,Mexico,America
Nogales,Mexico,America
Teziutlan,Mexico,America
Lazaro Cardenas,Mexico,America
Ciudad del Carmen,Mexico,America
Chetumal,Mexico,America
San Juan del Rio,Mexico,America
Piedras Negras,Mexico,America
Navajoa,Mexico,America
Ciudad Valles,Mexico,America
Delicias,Mexico,America
Guanajuato,Mexico,America
Iguala,Mexico,America
Manzanillo,Mexico,America
Tuxpam,Mexico,America
Escuintla,Mexico,America
Fresnillo,Mexico,America
Guaymas,Mexico,America
Hidalgo del Parral,Mexico,America
Apatzingan,Mexico,America
Atlixco,Mexico,America
Guasave,Mexico,America
Lagos de Moreno,Mexico,America
Ciudad Guzman,Mexico,America
Tecoman,Mexico,America
Cuauhtemoc,Mexico,America
Agua Prieta,Mexico,America
Salina Cruz,Mexico,America
Ciudad Mante,Mexico,America
Cozumel,Mexico,America
Tamazunchale,Mexico,America
Rio Verde,Mexico,America
Matehuala,Mexico,America
Juchitan,Mexico,America
Jaltipan,Mexico,America
Ciudad Hidalgo,Mexico,America
Guamuchil,Mexico,America
Linares,Mexico,America
Caborca,Mexico,America
Nuevo Casas Grandes,Mexico,America
San Pedro de las Colonias,Mexico,America
Taxco,Mexico,America
Mumbai,India,Asia
Delhi,India,Asia
Kolkata,India,Asia
Chennai,India,Asia
Bangalore,India,Asia
Hyderabad,India,Asia
Ahmedabad,India,Asia
Haora,India,Asia
Pune,India,Asia
Surat,India,Asia
Kanpur,India,Asia
Jaipur,India,Asia
Lucknow,India,Asia
Nagpur,India,Asia
Patna,India,Asia
Indore,India,Asia
Vadodara,India,Asia
Bhopal,India,Asia
Coimbatore,India,Asia
Ludhiana,India,Asia
Agra,India,Asia
Kalyan,India,Asia
Vishakhapatnam,India,Asia
Kochi,India,Asia
Nasik,India,Asia
Meerut,India,Asia
Faridabad,India,Asia
Varanasi,India,Asia
Ghaziabad,India,Asia
Asansol,India,Asia
Jamshedpur,India,Asia
Madurai,India,Asia
Jabalpur,India,Asia
Rajkot,India,Asia
Dhanbad,India,Asia
Amritsar,India,Asia
Warangal,India,Asia
Allahabad,India,Asia
Srinagar,India,Asia
Vijayawada,India,Asia
Aurangabad,India,Asia
Bhilai,India,Asia
Sholapur,India,Asia
Ranchi,India,Asia
Jodhpur,India,Asia
Guwahati,India,Asia
Chandigarh,India,Asia
Gwalior,India,Asia
Thiruvananthapuram,India,Asia
Kozhikode,India,Asia
Tiruchirappalli,India,Asia
Hubli,India,Asia
Mysore,India,Asia
Raipur,India,Asia
Jullundur,India,Asia
Bhubaneshwar,India,Asia
Kota,India,Asia
Jhansi,India,Asia
Bareilly,India,Asia
Aligarh,India,Asia
Bhiwandi,India,Asia
Jammu,India,Asia
Moradabad,India,Asia
Mangalore,India,Asia
Kolhapur,India,Asia
Amravati,India,Asia
Dehra Dun,India,Asia
Malegaon,India,Asia
Nellore,India,Asia
Gorakhpur,India,Asia
Shimoga,India,Asia
Tiruppur,India,Asia
Raurkela,India,Asia
Nanded,India,Asia
Belgaum,India,Asia
Sangli,India,Asia
Chandrapur,India,Asia
Ajmer,India,Asia
Cuttack,India,Asia
Bikaner,India,Asia
Bhavnagar,India,Asia
Hisar,India,Asia
Bilaspur,India,Asia
Tirunelveli,India,Asia
Guntur,India,Asia
Siliguri,India,Asia
Ujjain,India,Asia
Davangere,India,Asia
Akola,India,Asia
Saharanpur,India,Asia
Gulbarga,India,Asia
Bhatpara,India,Asia
Dhule,India,Asia
Udaipur,India,Asia
Bellary,India,Asia
Tuticorin,India,Asia
Kurnool,India,Asia
Gaya,India,Asia
Sikar,India,Asia
Tumkur,India,Asia
Kollam,India,Asia
Ahmednagar,India,Asia
Bhilwara,India,Asia
Nizamabad,India,Asia
Parbhani,India,Asia
Shillong,India,Asia
Latur,India,Asia
Rajapalaiyam,India,Asia
Bhagalpur,India,Asia
Muzaffarnagar,India,Asia
Muzaffarpur,India,Asia
Mathura,India,Asia
Patiala,India,Asia
Sagar,India,Asia
Brahmapur,India,Asia
Shahjahanpur,India,Asia
New Delhi,India,Asia
Rohtak,India,Asia
Sambalpur,India,Asia
Ratlam,India,Asia
Firozabad,India,Asia
Rajahmundry,India,Asia
Barddhaman,India,Asia
Bidar,India,Asia
Rampur,India,Asia
Kakinada,India,Asia
Panipat,India,Asia
Khammam,India,Asia
Bhuj,India,Asia
Karimnagar,India,Asia
Tirupati,India,Asia
Hospet,India,Asia
Mandya,India,Asia
Alwar,India,Asia
Aizawl,India,Asia
Bijapur,India,Asia
Imphal,India,Asia
Etawah,India,Asia
Raichur,India,Asia
Pathankot,India,Asia
Chirala,India,Asia
Sonipat,India,Asia
Mirzapur,India,Asia
Hapur,India,Asia
Porbandar,India,Asia
Bharatpur,India,Asia
Pondicherry,India,Asia
Karnal,India,Asia
Nagercoil,India,Asia
Thanjavur,India,Asia
Pali,India,Asia
Agartala,India,Asia
Ongole,India,Asia
Puri,India,Asia
Dindigul,India,Asia
Haldia,India,Asia
Bulandshahr,India,Asia
Purnia,India,Asia
Proddatur,India,Asia
Gurgaon,India,Asia
Burhanpur,India,Asia
Gandhinagar,India,Asia
Machilipatnam,India,Asia
Bhiwani,India,Asia
Nandyal,India,Asia
Bhusawal,India,Asia
Bahraich,India,Asia
Tonk,India,Asia
Sirsa,India,Asia
Vizianagaram,India,Asia
Vellore,India,Asia
Alappuzha,India,Asia
Simla,India,Asia
Medinipur,India,Asia
Hindupur,India,Asia
Baramula,India,Asia
Fatehpur,India,Asia
Dibrugarh,India,Asia
Sitapur,India,Asia
Navsari,India,Asia
Budaun,India,Asia
Cuddalore,India,Asia
Hoshiarpur,India,Asia
Kanchipuram,India,Asia
Faizabad,India,Asia
Silchar,India,Asia
Ambala,India,Asia
Krishnanagar,India,Asia
Kolar,India,Asia
Kumbakonam,India,Asia
Tiruvannamalai,India,Asia
Pilibhit,India,Asia
Abohar,India,Asia
Port Blair,India,Asia
Alipur Duar,India,Asia
Hathras,India,Asia
Valparai,India,Asia
Kohima,India,Asia
Gangtok,India,Asia
Karur,India,Asia
Jorhat,India,Asia
Panaji,India,Asia
Sopore,India,Asia
Tezpur,India,Asia
Sao Paulo,Brazil,America
Rio de Janeiro,Brazil,America
Belo Horizonte,Brazil,America
Porto Alegre,Brazil,America
Brasilia,Brazil,America
Recife,Brazil,America
Fortaleza,Brazil,America
Salvador,Brazil,America
Curitiba,Brazil,America
Campinas,Brazil,America
Belem,Brazil,America
Goiania,Brazil,America
Manaus,Brazil,America
Santos,Brazil,America
Vitoria,Brazil,America
Niteroi,Brazil,America
Vila Velha,Brazil,America
Maceio,Brazil,America
Natal,Brazil,America
Sao Luis,Brazil,America
Florianopolis,Brazil,America
Joinville,Brazil,America
Joao Pessoa,Brazil,America
Olinda,Brazil,America
Teresina,Brazil,America
Novo Hamburgo,Brazil,America
Nova Iguacu,Brazil,America
Cuiaba,Brazil,America
Campo Grande,Brazil,America
Sao Jose dos Campos,Brazil,America
Jaboatao,Brazil,America
Aracaju,Brazil,America
Sao Jose dos Pinhais,Brazil,America
Santo Andre,Brazil,America
Canoas,Brazil,America
Uberlandia,Brazil,America
Sorocaba,Brazil,America
Ribeirao Preto,Brazil,America
Londrina,Brazil,America
Jundiai,Brazil,America
Macapa,Brazil,America
Feira de Santana,Brazil,America
Americana,Brazil,America
Juiz de Fora,Brazil,America
Volta Redonda,Brazil,America
Foz do Iguacu,Brazil,America
Campina Grande,Brazil,America
Ipatinga,Brazil,America
Taubate,Brazil,America
Campos,Brazil,America
Caxias do Sul,Brazil,America
Sao Jose do Rio Preto,Brazil,America
Piracicaba,Brazil,America
Bauru,Brazil,America
Montes Claros,Brazil,America
Maringa,Brazil,America
Itajai,Brazil,America
Pelotas,Brazil,America
Itu,Brazil,America
Anapolis,Brazil,America
Vitoria da Conquista,Brazil,America
Porto Velho,Brazil,America
Franca,Brazil,America
Blumenau,Brazil,America
Ponta Grossa,Brazil,America
Limeira,Brazil,America
Petropolis,Brazil,America
Crato,Brazil,America
Cabo Frio,Brazil,America
Petrolina,Brazil,America
Uberaba,Brazil,America
Rio Branco,Brazil,America
Cascavel,Brazil,America
Governador Valadares,Brazil,America
Varzea Grande,Brazil,America
Caruaru,Brazil,America
Palmas,Brazil,America
Boa Vista,Brazil,America
Ilheus,Brazil,America
Santarem,Brazil,America
Juazeiro do Norte,Brazil,America
Itabuna,Brazil,America
Imperatriz,Brazil,America
Marilia,Brazil,America
Presidente Prudente,Brazil,America
Sao Carlos,Brazil,America
Criciuma,Brazil,America
Guaratingueta,Brazil,America
Timon,Brazil,America
Mossoro,Brazil,America
Sete Lagoas,Brazil,America
Divinopolis,Brazil,America
Rio Grande,Brazil,America
Arapiraca,Brazil,America
Cachoeiro de Itapemirim,Brazil,America
Rio Claro,Brazil,America
Passo Fundo,Brazil,America
Nova Friburgo,Brazil,America
Aracatuba,Brazil,America
Barra Mansa,Brazil,America
Maraba,Brazil,America
Carpina,Brazil,America
Lajes,Brazil,America
Dourados,Brazil,America
Xapeco,Brazil,America
Rio Largo,Brazil,America
Barreiras,Brazil,America
Sobral,Brazil,America
Rondonopolis,Brazil,America
Guarapuava,Brazil,America
Pocos de Caldas,Brazil,America
Cabo de Santo Agostinho,Brazil,America
Macae,Brazil,America
Paranagua,Brazil,America
Parnaiba,Brazil,America
Castanhal,Brazil,America
Jequie,Brazil,America
Caxias,Brazil,America
Pindamonhangaba,Brazil,America
Jaragua do Sul,Brazil,America
Braganca Paulista,Brazil,America
Itapetininga,Brazil,America
Alagoinhas,Brazil,America
Uruguaiana,Brazil,America
Porto Seguro,Brazil,America
Barbacena,Brazil,America
Jau,Brazil,America
Pouso Alegre,Brazil,America
Botucatu,Brazil,America
Santa Cruz do Sul,Brazil,America
Conselheiro Lafaiete,Brazil,America
Garanhuns,Brazil,America
Catanduva,Brazil,America
Apucarana,Brazil,America
Bage,Brazil,America
Linhares,Brazil,America
Barretos,Brazil,America
Teofilo Otoni,Brazil,America
Passos,Brazil,America
Uba,Brazil,America
Ourinhos,Brazil,America
Trindade,Brazil,America
Arapongas,Brazil,America
Araguari,Brazil,America
Corumba,Brazil,America
Erechim,Brazil,America
Juazeiro,Brazil,America
Ponta Pora,Brazil,America
Bento Goncalves,Brazil,America
Tatui,Brazil,America
Patos,Brazil,America
Itaituba,Brazil,America
Tubarao,Brazil,America
Muriae,Brazil,America
Itanhaem,Brazil,America
Santana do Livramento,Brazil,America
Nova Lima,Brazil,America
Brusque,Brazil,America
Assis,Brazil,America
Paulo Afonso,Brazil,America
Ituiutaba,Brazil,America
Caceres,Brazil,America
Porto Santana,Brazil,America
Codo,Brazil,America
Araxa,Brazil,America
Lavras,Brazil,America
Avare,Brazil,America
Formosa,Brazil,America
Itumbiara,Brazil,America
Abaetetuba,Brazil,America
Tres Lagoas,Brazil,America
Sao Joao del Rei,Brazil,America
Itauna,Brazil,America
Sao Mateus,Brazil,America
Jatai,Brazil,America
Sao Joao da Boa Vista,Brazil,America
Tucurui,Brazil,America
Campo Murao,Brazil,America
Cachoeira do Sul,Brazil,America
Bacabal,Brazil,America
Porto Uniao,Brazil,America
Goiana,Brazil,America
Ijui,Brazil,America
Altamira,Brazil,America
Paracatu,Brazil,America
Iguatu,Brazil,America
Paragominas,Brazil,America
Guajara-Miram,Brazil,America
Jaboticabal,Brazil,America
Balsas,Brazil,America
Santa Ines,Brazil,America
Rio Negro,Brazil,America
Santo Ângelo,Brazil,America
Ji-Parana,Brazil,America
Gurupi,Brazil,America
Parintins,Brazil,America
Curvelo,Brazil,America
Cacador,Brazil,America
Irece,Brazil,America
Catalao,Brazil,America
Vilhena,Brazil,America
Valenca,Brazil,America
Itapeva,Brazil,America
Tupa,Brazil,America
Fernandopolis,Brazil,America
Canela,Brazil,America
Pirassununga,Brazil,America
Pirapora,Brazil,America
Caratinga,Brazil,America
Itapetinga,Brazil,America
Sao Borja,Brazil,America
Carazinho,Brazil,America
Manacapuru,Brazil,America
Telemaco Borba,Brazil,America
Guanambi,Brazil,America
Ariquemes,Brazil,America
Timbauba,Brazil,America
Picos,Brazil,America
Arcoverde,Brazil,America
Braganca,Brazil,America
Cruzeiro do Sul,Brazil,America
Serrinha,Brazil,America
Vacaria,Brazil,America
Janauba,Brazil,America
Formiga,Brazil,America
Nova Vicosa,Brazil,America
Itapipoca,Brazil,America
Estancia,Brazil,America
Sao Gabriel,Brazil,America
Concordia,Brazil,America
Sao Jose de Ribamar,Brazil,America
Caico,Brazil,America
Penapolis,Brazil,America
Coari,Brazil,America
Registro,Brazil,America
Camaqua,Brazil,America
Crateus,Brazil,America
Andradina,Brazil,America
Barra do Garcas,Brazil,America
Batatais,Brazil,America
Itacoatiara,Brazil,America
Tefe,Brazil,America
Araguaina,Brazil,America
Shanghai,China,Asia
Beijing,China,Asia
Guangzhou,China,Asia
Shenzhen,China,Asia
Wuhan,China,Asia
Tianjin,China,Asia
Chongqing,China,Asia
Shenyeng,China,Asia
Dongguan,China,Asia
Chengdu,China,Asia
Xian,China,Asia
Hechi,China,Asia
Nanjing,China,Asia
Guiyang,China,Asia
Harbin,China,Asia
Zhangzhou,China,Asia
Changchun,China,Asia
Dalian,China,Asia
Zibo,China,Asia
Hangzhou,China,Asia
Kunming,China,Asia
Taiyuan,China,Asia
Qingdao,China,Asia
Jinan,China,Asia
Zhengzhou,China,Asia
Fuzhou,China,Asia
Changsha,China,Asia
Xiangtan,China,Asia
Lanzhou,China,Asia
Xiamen,China,Asia
Jinxi,China,Asia
Shijianzhuang,China,Asia
Jilin,China,Asia
Nanchang,China,Asia
Wenzhou,China,Asia
Nanchong,China,Asia
Nanning,China,Asia
Ürumqi,China,Asia
Zaozhuang,China,Asia
Yantai,China,Asia
Xuzhou,China,Asia
Linyi,China,Asia
Haikou,China,Asia
Baotou,China,Asia
Hefei,China,Asia
Suzhou,China,Asia
Nanyang,China,Asia
Ningbo,China,Asia
Tangshan,China,Asia
Datong,China,Asia
Shuyang,China,Asia
Shangqiu,China,Asia
Wuxi,China,Asia
Hohhot,China,Asia
Luoyang,China,Asia
Jianmen,China,Asia
Daqing,China,Asia
Luan,China,Asia
Wanzhou,China,Asia
Qiqihar,China,Asia
Anshan,China,Asia
Handan,China,Asia
Taian,China,Asia
Shantou,China,Asia
Zhanjiang,China,Asia
Xiantao,China,Asia
Weifang,China,Asia
Xinyang,China,Asia
Luzhou,China,Asia
Ganzhou,China,Asia
Liuzhou,China,Asia
Fushun,China,Asia
Changde,China,Asia
Neijiang,China,Asia
Quanzhou,China,Asia
Huainan,China,Asia
Suining,China,Asia
Mianyang,China,Asia
Maanshan,China,Asia
Yiyang,China,Asia
Heze,China,Asia
Changzhou,China,Asia
Chifeng,China,Asia
Huaiyin,China,Asia
Mudangiang,China,Asia
Huzhou,China,Asia
Tianshui,China,Asia
Lupanshui,China,Asia
Maoming,China,Asia
Jining,China,Asia
Leshan,China,Asia
Shangrao,China,Asia
Yulin,China,Asia
Xianyang,China,Asia
Baoding,China,Asia
Zigong,China,Asia
Ankang,China,Asia
Jinhua,China,Asia
Zhuzhou,China,Asia
Xiangfan,China,Asia
Zhucheng,China,Asia
Xining,China,Asia
Zhangjiakou,China,Asia
Zhuhai,China,Asia
Jiamusi,China,Asia
Hengyang,China,Asia
Benxi,China,Asia
Qinhuangdao,China,Asia
Yongzhou,China,Asia
Baoshan,China,Asia
Yinchuan,China,Asia
Jiaxing,China,Asia
Guilin,China,Asia
Yichun,China,Asia
Yangquan,China,Asia
Jixi,China,Asia
Xinyi,China,Asia
Pingxiang,China,Asia
Jinzhou,China,Asia
Nantong,China,Asia
Foshan,China,Asia
Xinyu,China,Asia
Huaibei,China,Asia
Xinxiang,China,Asia
Yibin,China,Asia
Bengbu,China,Asia
Anyang,China,Asia
Tongliao,China,Asia
Yichang,China,Asia
Yangjiang,China,Asia
Kaifeng,China,Asia
Dandong,China,Asia
Xuanzhou,China,Asia
Rizhao,China,Asia
Jiaozuo,China,Asia
Zhenjiang,China,Asia
Zunyi,China,Asia
Anshun,China,Asia
Pingdingshan,China,Asia
Yuci,China,Asia
Yancheng,China,Asia
Linfen,China,Asia
Yueyang,China,Asia
Xingyi,China,Asia
Langfang,China,Asia
Wuhu,China,Asia
Zhaotang,China,Asia
Lingyuan,China,Asia
Baoji,China,Asia
Yingkow,China,Asia
Liaoyang,China,Asia
Shaoxing,China,Asia
Fuyang,China,Asia
Fuxin,China,Asia
Shiyan,China,Asia
Jincheng,China,Asia
Hegang,China,Asia
Beihai,China,Asia
Shaoguan,China,Asia
Lianyungang,China,Asia
Qingyuan,China,Asia
Changzhi,China,Asia
Huangshi,China,Asia
Puyang,China,Asia
Zhanyi,China,Asia
Zhuozhou,China,Asia
Changping,China,Asia
Taizhou,China,Asia
Xiangtai,China,Asia
Anqing,China,Asia
Shihezi,China,Asia
Shuozhou,China,Asia
Tongling,China,Asia
Weihai,China,Asia
Siping,China,Asia
Jiujiang,China,Asia
Kashgar,China,Asia
Yangzhou,China,Asia
Linxia,China,Asia
Jiangmen,China,Asia
Cangzhou,China,Asia
Jian,China,Asia
Shashi,China,Asia
Liaoyuan,China,Asia
Shuangyashan,China,Asia
Wuwei,China,Asia
Yanji,China,Asia
Zhaoqing,China,Asia
Jiaojing,China,Asia
Chaoyang,China,Asia
Panzhihua,China,Asia
Jingdezhen,China,Asia
Hengshui,China,Asia
Qitaihe,China,Asia
Chengde,China,Asia
Xuchang,China,Asia
Wuzhou,China,Asia
Guangyuan,China,Asia
Chaozhou,China,Asia
Luohe,China,Asia
Meizhou,China,Asia
Xuanhua,China,Asia
Yining,China,Asia
Jingmen,China,Asia
Yuxi,China,Asia
Baicheng,China,Asia
Xichang,China,Asia
Dezhou,China,Asia
Zhoukou,China,Asia
Putian,China,Asia
Shache,China,Asia
Quzhou,China,Asia
Longyan,China,Asia
Sanya,China,Asia
Fuyu,China,Asia
Wafangdian,China,Asia
Longxi,China,Asia
Yumen,China,Asia
Aksu,China,Asia
Yaan,China,Asia
Tieling,China,Asia
Hangu,China,Asia
Heyuan,China,Asia
Baishan,China,Asia
Chenzhou,China,Asia
Ninde,China,Asia
Mengzi,China,Asia
Hami,China,Asia
Hulan Ergi,China,Asia
Huizhou,China,Asia
Tongchuan,China,Asia
Xinzhou,China,Asia
Jinshi,China,Asia
Hotan,China,Asia
Zhuanghe,China,Asia
Turpan,China,Asia
Chuxiong,China,Asia
Suihua,China,Asia
Linhai,China,Asia
Laiyang,China,Asia
Qinzhou,China,Asia
Hebi,China,Asia
Ulanhot,China,Asia
Linchuan,China,Asia
Zicheng,China,Asia
Shishou,China,Asia
Hailar,China,Asia
Zhangye,China,Asia
Beipiao,China,Asia
Liaocheng,China,Asia
Hancheng,China,Asia
Lhasa,China,Asia
Wuhai,China,Asia
Nanping,China,Asia
Sanming,China,Asia
Pingliang,China,Asia
Korla,China,Asia
Jiutai,China,Asia
Puqi,China,Asia
Lianxian,China,Asia
Huangyan,China,Asia
Dunhua,China,Asia
Anda,China,Asia
Zhaodong,China,Asia
Bose,China,Asia
Lishui,China,Asia
Weinan,China,Asia
Simao,China,Asia
Xiaogan,China,Asia
Dali,China,Asia
Beian,China,Asia
Guangshui,China,Asia
Dingzhou,China,Asia
Wenshan,China,Asia
Deyang,China,Asia
Gejiu,China,Asia
Jiayuguan,China,Asia
Hanzhong,China,Asia
Jinchang,China,Asia
Altay,China,Asia
Jieshou,China,Asia
Nongan,China,Asia
Dunhuang,China,Asia
Zalantun,China,Asia
Shizuishan,China,Asia
Yunxian,China,Asia
Shuangcheng,China,Asia
Macheng,China,Asia
Tengchong,China,Asia
Laiwu,China,Asia
Jiaohe,China,Asia
Nancha,China,Asia
Xilinhot,China,Asia
Huanghua,China,Asia
Tongren,China,Asia
Huanren,China,Asia
Taonan,China,Asia
Yakeshi,China,Asia
Buizhou,China,Asia
Zhijiang,China,Asia
Shaowu,China,Asia
Kuqa,China,Asia
Linqing,China,Asia
Hailun,China,Asia
Tieli,China,Asia
Heihe,China,Asia
Karamay,China,Asia
Nehe,China,Asia
Golmud,China,Asia
Longjiang,China,Asia
Chamdo,China,Asia
Tumen,China,Asia
Fengzhen,China,Asia
Shangzhi,China,Asia
Boli,China,Asia
Yishui,China,Asia
Manzhouli,China,Asia
Daan,China,Asia
Fuan,China,Asia
Danjiangkou,China,Asia
Pingdu,China,Asia
Fujin,China,Asia
Wangqing,China,Asia
Changting,China,Asia
Mishan,China,Asia
Nenjiang,China,Asia
Panshi,China,Asia
Helong,China,Asia
Linjiang,China,Asia
Nangong,China,Asia
Xigaze,China,Asia
Koktokay,China,Asia
Shulan,China,Asia
Pingyi,China,Asia
Linkou,China,Asia
Jiexiu,China,Asia
Tailai,China,Asia
Shanxian,China,Asia
Lanxi,China,Asia
Keshan,China,Asia
Anlu,China,Asia
Baiquan,China,Asia
Rongzhag,China,Asia
Liuhe,China,Asia
Minxian,China,Asia
Huinan,China,Asia
Qinggang,China,Asia
Fengcheng,China,Asia
Langzhong,China,Asia
Dengzhou,China,Asia
Gannan,China,Asia
Suileng,China,Asia
Alxa Zuoqi,China,Asia
Changling,China,Asia
Xinqing,China,Asia
Ningan,China,Asia
Qingan,China,Asia
Bairin Zuoqi,China,Asia
Dhaka,Bangladesh,Asia
Chittagong,Bangladesh,Asia
Khulna,Bangladesh,Asia
Rajshahi,Bangladesh,Asia
Comilla,Bangladesh,Asia
Mymensingh,Bangladesh,Asia
Rangpur,Bangladesh,Asia
Jessore,Bangladesh,Asia
Sylhet,Bangladesh,Asia
Saidpur,Bangladesh,Asia
Narayanganj,Bangladesh,Asia
Barisal,Bangladesh,Asia
Tangail,Bangladesh,Asia
Jamalpur,Bangladesh,Asia
Nawabganj,Bangladesh,Asia
Pabna,Bangladesh,Asia
Buenos Aires,Argentina,America
Rosario,Argentina,America
Mendoza,Argentina,America
Tucuman,Argentina,America
La Plata,Argentina,America
Mar del Plata,Argentina,America
Salta,Argentina,America
San Juan,Argentina,America
San Luis,Argentina,America
Resistencia,Argentina,America
Posadas,Argentina,America
Santiago del Estero,Argentina,America
Corrientes,Argentina,America
San Salvador de Jujuy,Argentina,America
Bahia Blanca,Argentina,America
Parana,Argentina,America
Neuquen,Argentina,America
Catamarca,Argentina,America
La Rioja,Argentina,America
Rio Cuarto,Argentina,America
Concordia,Argentina,America
Comodoro Rivadavia,Argentina,America
San Nicolas,Argentina,America
San Martin,Argentina,America
Tandil,Argentina,America
San Carlos de Bariloche,Argentina,America
Trelew,Argentina,America
Villa Maria,Argentina,America
Reconquista,Argentina,America
Zarate,Argentina,America
Rafaela,Argentina,America
Pergamino,Argentina,America
Olavarria,Argentina,America
Rio Gallegos,Argentina,America
Junin,Argentina,America
Presidencia Roque Saenz Pena,Argentina,America
Lujan,Argentina,America
Campana,Argentina,America
Necochea,Argentina,America
Gualeguaychu,Argentina,America
San Ramon de la Nueva Oran,Argentina,America
General Roca,Argentina,America
Venado Tuerto,Argentina,America
Goya,Argentina,America
Villa Carlos Paz,Argentina,America
Concepcion del Uruguay,Argentina,America
Las Heras,Argentina,America
Puerto Madryn,Argentina,America
Tartagal,Argentina,America
Viedma,Argentina,America
San Pedro,Argentina,America
Ushuaia,Argentina,America
Punta Alta,Argentina,America
General Pico,Argentina,America
Chivilcoy,Argentina,America
Azul,Argentina,America
Rio Tercero,Argentina,America
Mercedes,Argentina,America
Karachi,Pakistan,Asia
Lahore,Pakistan,Asia
Faisalabad,Pakistan,Asia
Saidu,Pakistan,Asia
Rawalpindi,Pakistan,Asia
Multan,Pakistan,Asia
Gujranwala,Pakistan,Asia
Peshawar,Pakistan,Asia
Abbottabad,Pakistan,Asia
Islamabad,Pakistan,Asia
Quetta,Pakistan,Asia
Bannu,Pakistan,Asia
Bahawalpur,Pakistan,Asia
Sargodha,Pakistan,Asia
Sialkote,Pakistan,Asia
Sukkur,Pakistan,Asia
Larkana,Pakistan,Asia
Sheikhu Pura,Pakistan,Asia
Mirput Khas,Pakistan,Asia
Rahim Yar Khan,Pakistan,Asia
Kohat,Pakistan,Asia
Jhang,Pakistan,Asia
Gujrat,Pakistan,Asia
Mardan,Pakistan,Asia
Kasur,Pakistan,Asia
Dera Ghazi Khan,Pakistan,Asia
Sahiwal,Pakistan,Asia
Nawabshah,Pakistan,Asia
Okara,Pakistan,Asia
Gilgit,Pakistan,Asia
Chiniot,Pakistan,Asia
Sadiqabad,Pakistan,Asia
Turbat,Pakistan,Asia
Dera Ismail Khan,Pakistan,Asia
Chaman,Pakistan,Asia
Zhob,Pakistan,Asia
Mansehra,Pakistan,Asia
Parachinar,Pakistan,Asia
Gwadar,Pakistan,Asia
Cairo,Egypt,Africa
El Giza,Egypt,Africa
Ismailia,Egypt,Africa
Bur Said,Egypt,Africa
Luxor,Egypt,Africa
El Mansura,Egypt,Africa
Sohag,Egypt,Africa
Suez,Egypt,Africa
El Minya,Egypt,Africa
Damanhûr,Egypt,Africa
Beni Suef,Egypt,Africa
Asyut,Egypt,Africa
Tanta,Egypt,Africa
El Faiyum,Egypt,Africa
Aswan,Egypt,Africa
Kom Ombo,Egypt,Africa
Qena,Egypt,Africa
Dumyat,Egypt,Africa
Zagazig,Egypt,Africa
Mallawi,Egypt,Africa
Rashid,Egypt,Africa
Shibin el Kom,Egypt,Africa
El Arish,Egypt,Africa
Benha,Egypt,Africa
Hurghada,Egypt,Africa
Samalut,Egypt,Africa
Kafr el Sheikh,Egypt,Africa
Girga,Egypt,Africa
Matruh,Egypt,Africa
Isna,Egypt,Africa
Beni Mazar,Egypt,Africa
Manila,Philippines,Asia
Quezon City,Philippines,Asia
Davao,Philippines,Asia
Cagayan de Oro,Philippines,Asia
General Santos,Philippines,Asia
Bacolod,Philippines,Asia
Cebu,Philippines,Asia
Zamboanga,Philippines,Asia
Naga,Philippines,Asia
Iligan,Philippines,Asia
Baguio City,Philippines,Asia
Batangas,Philippines,Asia
Pasay City,Philippines,Asia
Iloilo,Philippines,Asia
Legazpi,Philippines,Asia
Angeles,Philippines,Asia
Olongapo,Philippines,Asia
Cadiz,Philippines,Asia
Tacloban,Philippines,Asia
Cotabato,Philippines,Asia
San Pablo,Philippines,Asia
Cabanatuan,Philippines,Asia
Laoag,Philippines,Asia
Butuan,Philippines,Asia
Tarlac,Philippines,Asia
Ormac,Philippines,Asia
Dagupan,Philippines,Asia
Pagadian,Philippines,Asia
Puerto Princesa,Philippines,Asia
Tuguegarao,Philippines,Asia
Roxas,Philippines,Asia
Ozamis,Philippines,Asia
Surigao,Philippines,Asia
Calbayog,Philippines,Asia
Istanbul,Turkey,Europe
Ankara,Turkey,Europe
İzmir,Turkey,Europe
Bursa,Turkey,Europe
Adana,Turkey,Europe
Gaziantep,Turkey,Europe
Konya,Turkey,Europe
Tarsus,Turkey,Europe
Antalya,Turkey,Europe
Trabzon,Turkey,Europe
Diyarbakir,Turkey,Europe
Samsun,Turkey,Europe
Kayseri,Turkey,Europe
Eskişehir,Turkey,Europe
İzmit,Turkey,Europe
Malatya,Turkey,Europe
Şanliurfa,Turkey,Europe
Erzurum,Turkey,Europe
Kahramanmaraş,Turkey,Europe
Denizli,Turkey,Europe
Van,Turkey,Europe
Hatay,Turkey,Europe
Batman,Turkey,Europe
İskenderun,Turkey,Europe
Rize,Turkey,Europe
Elazig,Turkey,Europe
Sivas,Turkey,Europe
Balikesir,Turkey,Europe
Adapazari,Turkey,Europe
Manisa,Turkey,Europe
Adiyaman,Turkey,Europe
Kirikkale,Turkey,Europe
Aydin,Turkey,Europe
Kutahya,Turkey,Europe
Corum,Turkey,Europe
Isparta,Turkey,Europe
Afyon,Turkey,Europe
Zonguldak,Turkey,Europe
Ordu,Turkey,Europe
Uşak,Turkey,Europe
Nusaybin,Turkey,Europe
Tokat,Turkey,Europe
Erzincan,Turkey,Europe
Karabuk,Turkey,Europe
Edirne,Turkey,Europe
Tekirdag,Turkey,Europe
Karaman,Turkey,Europe
Siirt,Turkey,Europe
Giresun,Turkey,Europe
Bafra,Turkey,Europe
Bolu,Turkey,Europe
Kirşehir,Turkey,Europe
Samandagi,Turkey,Europe
Polatli,Turkey,Europe
Eregli,Turkey,Europe
Nigde,Turkey,Europe
Luleburgaz,Turkey,Europe
Yozgat,Turkey,Europe
Agri,Turkey,Europe
Çanakkale,Turkey,Europe
Amasya,Turkey,Europe
Muş,Turkey,Europe
Kilis,Turkey,Europe
Bingol,Turkey,Europe
Hakkari,Turkey,Europe
Kars,Turkey,Europe
Soke,Turkey,Europe
Nevşehir,Turkey,Europe
Tatvan,Turkey,Europe
Çankiri,Turkey,Europe
Mardin,Turkey,Europe
Kastamonu,Turkey,Europe
Burdur,Turkey,Europe
Bitlis,Turkey,Europe
Kirklareli,Turkey,Europe
Paris,France,Europe
Lyon,France,Europe
Marseille,France,Europe
Lille,France,Europe
Nice,France,Europe
Toulouse,France,Europe
Bordeaux,France,Europe
Rouen,France,Europe
Strasbourg,France,Europe
Nantes,France,Europe
Metz,France,Europe
Grenoble,France,Europe
Toulon,France,Europe
Montpellier,France,Europe
Nancy,France,Europe
Saint-Étienne,France,Europe
Melun,France,Europe
Le Havre,France,Europe
Tours,France,Europe
Clermont-Ferrand,France,Europe
Orleans,France,Europe
Mulhouse,France,Europe
Rennes,France,Europe
Reims,France,Europe
Caen,France,Europe
Angers,France,Europe
Dijon,France,Europe
Nîmes,France,Europe
Limoges,France,Europe
Aix-en-Provence,France,Europe
Perpignan,France,Europe
Biarritz,France,Europe
Brest,France,Europe
Le Mans,France,Europe
Amiens,France,Europe
Besancon,France,Europe
Annecy,France,Europe
Calais,France,Europe
Poitier,France,Europe
Versailles,France,Europe
Lorient,France,Europe
Beziers,France,Europe
La Rochelle,France,Europe
Roanne,France,Europe
Bourges,France,Europe
Arras,France,Europe
Troyes,France,Europe
Cherbourg,France,Europe
Agen,France,Europe
Brive,France,Europe
Tarbes,France,Europe
Ajaccio,France,Europe
St.-Brieuc,France,Europe
Lagos,Nigeria,Africa
Kano,Nigeria,Africa
Ibadan,Nigeria,Africa
Abuja,Nigeria,Africa
Kaduna,Nigeria,Africa
Benin City,Nigeria,Africa
Ikare,Nigeria,Africa
Port Harcourt,Nigeria,Africa
Ogbomosho,Nigeria,Africa
Aba,Nigeria,Africa
Maiduguri,Nigeria,Africa
Zaria,Nigeria,Africa
Warri,Nigeria,Africa
Jos,Nigeria,Africa
Ilorin,Nigeria,Africa
Oyo,Nigeria,Africa
Sokoto,Nigeria,Africa
Enugu,Nigeria,Africa
Abeokuta,Nigeria,Africa
Uyo,Nigeria,Africa
Awka,Nigeria,Africa
Ife,Nigeria,Africa
Calabar,Nigeria,Africa
Ado Ekiti,Nigeria,Africa
Katsina,Nigeria,Africa
Akure,Nigeria,Africa
Oshogbo,Nigeria,Africa
Bauchi,Nigeria,Africa
Sapele,Nigeria,Africa
Makurdi,Nigeria,Africa
Minna,Nigeria,Africa
Owo,Nigeria,Africa
Gombe,Nigeria,Africa
Umuahia,Nigeria,Africa
Ondo,Nigeria,Africa
Damaturu,Nigeria,Africa
Iwo,Nigeria,Africa
Gusau,Nigeria,Africa
Mubi,Nigeria,Africa
Owerri,Nigeria,Africa
Ijebu Ode,Nigeria,Africa
Funtua,Nigeria,Africa
Bida,Nigeria,Africa
Lafia,Nigeria,Africa
Gashua,Nigeria,Africa
Bama,Nigeria,Africa
Jalingo,Nigeria,Africa
Nsukka,Nigeria,Africa
Nguru,Nigeria,Africa
Birnin Kebbi,Nigeria,Africa
Azare,Nigeria,Africa
Kontagora,Nigeria,Africa
Iseyin,Nigeria,Africa
Yola,Nigeria,Africa
Biu,Nigeria,Africa
Wukari,Nigeria,Africa
Potiskum,Nigeria,Africa
Keffi,Nigeria,Africa
Numan,Nigeria,Africa
Idah,Nigeria,Africa
Onitsha,Nigeria,Africa
Oturkpo,Nigeria,Africa
Lokoja,Nigeria,Africa
Jakarta,Indonesia,Asia
Surabaya,Indonesia,Asia
Bandung,Indonesia,Asia
Bekasi,Indonesia,Asia
Medan,Indonesia,Asia
Palembang,Indonesia,Asia
Semarang,Indonesia,Asia
Ujungpandang,Indonesia,Asia
Cilacap,Indonesia,Asia
Bogor,Indonesia,Asia
Bandar Lampung,Indonesia,Asia
Padang,Indonesia,Asia
Malang,Indonesia,Asia
Pekanbaru,Indonesia,Asia
Denpasar,Indonesia,Asia
Yogyakarta,Indonesia,Asia
Palu,Indonesia,Asia
Pontianak,Indonesia,Asia
Bandjarmasin,Indonesia,Asia
Samarinda,Indonesia,Asia
Binjai,Indonesia,Asia
Surakarta,Indonesia,Asia
Banda Aceh,Indonesia,Asia
Bukittinggi,Indonesia,Asia
Pasuruan,Indonesia,Asia
Mataram,Indonesia,Asia
Jambi,Indonesia,Asia
Manado,Indonesia,Asia
Balikpapan,Indonesia,Asia
Bengkulu,Indonesia,Asia
Gorontalo,Indonesia,Asia
Ambon,Indonesia,Asia
Pematangsiantar,Indonesia,Asia
Jember,Indonesia,Asia
Kupang,Indonesia,Asia
Sukabumi,Indonesia,Asia
Majene,Indonesia,Asia
Pakalongan,Indonesia,Asia
Tasikmalaya,Indonesia,Asia
Tebingtinggi,Indonesia,Asia
Padangsidempuan,Indonesia,Asia
Cirebon,Indonesia,Asia
Singkawang,Indonesia,Asia
Tegal,Indonesia,Asia
Kediri,Indonesia,Asia
Singaraja,Indonesia,Asia
Tanjungpinang,Indonesia,Asia
Sibolga,Indonesia,Asia
Martapura,Indonesia,Asia
Tarakan,Indonesia,Asia
Ternate,Indonesia,Asia
Madiun,Indonesia,Asia
Pinrang,Indonesia,Asia
Probolinggo,Indonesia,Asia
Salatiga,Indonesia,Asia
Banyuwangi,Indonesia,Asia
Jayapura,Indonesia,Asia
Kendari,Indonesia,Asia
Serang,Indonesia,Asia
Palangkaraya,Indonesia,Asia
Lhokseumawe,Indonesia,Asia
Blitar,Indonesia,Asia
Pangkalpinang,Indonesia,Asia
Sorong,Indonesia,Asia
Indramayu,Indonesia,Asia
Pati,Indonesia,Asia
Langsa,Indonesia,Asia
Mojokerto,Indonesia,Asia
Magelang,Indonesia,Asia
Raba,Indonesia,Asia
Maumere,Indonesia,Asia
Biak,Indonesia,Asia
Perabumulih,Indonesia,Asia
Bontang,Indonesia,Asia
Sungaipenuh,Indonesia,Asia
Sampit,Indonesia,Asia
Parepare,Indonesia,Asia
Sumenep,Indonesia,Asia
Watampone,Indonesia,Asia
Ende,Indonesia,Asia
Tuban,Indonesia,Asia
Manokwari,Indonesia,Asia
Lahat,Indonesia,Asia
Tanjungpandan,Indonesia,Asia
Tidore,Indonesia,Asia
Ruteng,Indonesia,Asia
Sawahlunto,Indonesia,Asia
London,United Kingdom,Europe
Leeds,United Kingdom,Europe
Sheffield,United Kingdom,Europe
Glasgow,United Kingdom,Europe
Newcastle,United Kingdom,Europe
Cardiff,United Kingdom,Europe
Nottingham,United Kingdom,Europe
Liverpool,United Kingdom,Europe
Southend-on-Sea,United Kingdom,Europe
Edinburgh,United Kingdom,Europe
Brighton,United Kingdom,Europe
Bradford,United Kingdom,Europe
Leicester,United Kingdom,Europe
Sunderland,United Kingdom,Europe
Belfast,United Kingdom,Europe
Bournemouth,United Kingdom,Europe
Middlesbrough,United Kingdom,Europe
Stoke,United Kingdom,Europe
Coventry,United Kingdom,Europe
Southampton,United Kingdom,Europe
Kingston upon Hull,United Kingdom,Europe
Swansea,United Kingdom,Europe
Blackpool,United Kingdom,Europe
Luton,United Kingdom,Europe
Oxford,United Kingdom,Europe
Aberdeen,United Kingdom,Europe
Dundee,United Kingdom,Europe
Ipswich,United Kingdom,Europe
Peterborough,United Kingdom,Europe
Exeter,United Kingdom,Europe
Bath,United Kingdom,Europe
Chester,United Kingdom,Europe
Londonderry,United Kingdom,Europe
Greenock,United Kingdom,Europe
Carlisle,United Kingdom,Europe
Scarborough,United Kingdom,Europe
Ayr,United Kingdom,Europe
Callao,Peru,America
Arequipa,Peru,America
Trujillo,Peru,America
Chiclayo,Peru,America
Iquitos,Peru,America
Huancayo,Peru,America
Piura,Peru,America
Cusco,Peru,America
Chimbote,Peru,America
Pucallpa,Peru,America
Tacna,Peru,America
Ica,Peru,America
Juliaca,Peru,America
Ayacucho,Peru,America
Sullana,Peru,America
Huanuco,Peru,America
Chincha Alta,Peru,America
Cajamarca,Peru,America
Cerro de Pasco,Peru,America
Puno,Peru,America
Tumbes,Peru,America
Talara,Peru,America
Chosica,Peru,America
Huaraz,Peru,America
Pisco,Peru,America
Huacho,Peru,America
Chulucanas,Peru,America
Puerto Maldonado,Peru,America
Paita,Peru,America
Abancay,Peru,America
Moquegua,Peru,America
Ilo,Peru,America
Tingo Maria,Peru,America
Jaen,Peru,America
Tarma,Peru,America
Ferrenafe,Peru,America
Tehran,Iran,Asia
Mashhad,Iran,Asia
Isfahan,Iran,Asia
Karaj,Iran,Asia
Tabriz,Iran,Asia
Shiraz,Iran,Asia
Ahvaz,Iran,Asia
Qom,Iran,Asia
Kermanshah,Iran,Asia
Zahedan,Iran,Asia
Rasht,Iran,Asia
Kerman,Iran,Asia
Urmia,Iran,Asia
Hamadan,Iran,Asia
Arak,Iran,Asia
Yazd,Iran,Asia
Qazvin,Iran,Asia
Bandar-e-Abbas,Iran,Asia
Khomeini Shahr,Iran,Asia
Ardabil,Iran,Asia
Khorramabad,Iran,Asia
Abadan,Iran,Asia
Zanjan,Iran,Asia
Sanandaj,Iran,Asia
Birjand,Iran,Asia
Dezful,Iran,Asia
Gorgan,Iran,Asia
Sari,Iran,Asia
Borujerd,Iran,Asia
Kashan,Iran,Asia
Zabol,Iran,Asia
Sabzewar,Iran,Asia
Neyshabur,Iran,Asia
Amol,Iran,Asia
Bojnurd,Iran,Asia
Khvoy,Iran,Asia
Varamin,Iran,Asia
Malayer,Iran,Asia
Saveh,Iran,Asia
Sirjan,Iran,Asia
Bandar-e Bushehr,Iran,Asia
Mahabad,Iran,Asia
Gonbad-e Kavus,Iran,Asia
Kashmar,Iran,Asia
Masjed Soleyman,Iran,Asia
Ilam,Iran,Asia
Maragheh,Iran,Asia
Quchan,Iran,Asia
Shahrud,Iran,Asia
Shar e Kord,Iran,Asia
Marv Dasht,Iran,Asia
Semnan,Iran,Asia
Fasa,Iran,Asia
Qomsheh,Iran,Asia
Torbat-e Jam,Iran,Asia
Ahar,Iran,Asia
Bam,Iran,Asia
Yasuj,Iran,Asia
Behbehan,Iran,Asia
Chabahar,Iran,Asia
Bijar,Iran,Asia
Bogota,Colombia,America
Medellin,Colombia,America
Cali,Colombia,America
Barranquilla,Colombia,America
Bucaramanga,Colombia,America
Cartagena,Colombia,America
Cucuta,Colombia,America
Soledad,Colombia,America
Pereira,Colombia,America
Bello,Colombia,America
Santa Marta,Colombia,America
Ibague,Colombia,America
Pasto,Colombia,America
Manizales,Colombia,America
Villavicencio,Colombia,America
Neiva,Colombia,America
Armenia,Colombia,America
Valledupar,Colombia,America
Monteria,Colombia,America
Sincelejo,Colombia,America
Popayan,Colombia,America
Buenaventura,Colombia,America
Barrancabermeja,Colombia,America
Tulua,Colombia,America
Tunja,Colombia,America
Cartago,Colombia,America
Riohacha,Colombia,America
Cienaga,Colombia,America
Florencia,Colombia,America
Girardot,Colombia,America
Sogamoso,Colombia,America
Ipiales,Colombia,America
Duitama,Colombia,America
Magangue,Colombia,America
Quibdo,Colombia,America
Tumaco,Colombia,America
Ocana,Colombia,America
Arauca,Colombia,America
Sabanalarga,Colombia,America
Yopal,Colombia,America
El Carmen de Bolivar,Colombia,America
Leticia,Colombia,America
San Andres,Colombia,America
Garzon,Colombia,America
El Banco,Colombia,America
Chiquinquira,Colombia,America
Pamplona,Colombia,America
Lorica,Colombia,America
Turbo,Colombia,America
Arjona,Colombia,America
Taipei,Taiwan,Asia
Kaohsiung,Taiwan,Asia
Taichung,Taiwan,Asia
Tainan,Taiwan,Asia
Zhongli,Taiwan,Asia
Changhua,Taiwan,Asia
Hsinchu,Taiwan,Asia
Pingtung,Taiwan,Asia
Taoyuan,Taiwan,Asia
Chiayi,Taiwan,Asia
Keelung,Taiwan,Asia
Hualien,Taiwan,Asia
Pingzhen,Taiwan,Asia
Zhubei,Taiwan,Asia
Yangmei,Taiwan,Asia
Taitung,Taiwan,Asia
Bade,Taiwan,Asia
Nantou,Taiwan,Asia
Miaoli,Taiwan,Asia
Yilan,Taiwan,Asia
Douliou,Taiwan,Asia
Magong,Taiwan,Asia
Puzi,Taiwan,Asia
Bangkok,Thailand,Asia
Chiang Mai,Thailand,Asia
Samut Prakan,Thailand,Asia
Nakhon Ratchasima,Thailand,Asia
Hat Yai,Thailand,Asia
Ubon Ratchathani,Thailand,Asia
Nonthaburi,Thailand,Asia
Khon Kaen,Thailand,Asia
Udon Thani,Thailand,Asia
Nakhon Si Thammarat,Thailand,Asia
Chon Buri,Thailand,Asia
Lampang,Thailand,Asia
Si Racha,Thailand,Asia
Phitsanulok,Thailand,Asia
Surat Thani,Thailand,Asia
Pathum Thani,Thailand,Asia
Pattani,Thailand,Asia
Yala,Thailand,Asia
Trang,Thailand,Asia
Ayutthaya,Thailand,Asia
Phuket,Thailand,Asia
Nakhon Pathom,Thailand,Asia
Chiang Rai,Thailand,Asia
Nakhon Sawan,Thailand,Asia
Ratchaburi,Thailand,Asia
Nong Khai,Thailand,Asia
Chanthaburi,Thailand,Asia
Phetchaburi,Thailand,Asia
Chumphon,Thailand,Asia
Nan,Thailand,Asia
Prachin Buri,Thailand,Asia
Uttaradit,Thailand,Asia
Sakhon Nakhon,Thailand,Asia
Saraburi,Thailand,Asia
Narathiwat,Thailand,Asia
Kanchanaburi,Thailand,Asia
Samut Sakhon,Thailand,Asia
Surin,Thailand,Asia
Kamphaeng Phet,Thailand,Asia
Chaiyaphum,Thailand,Asia
Lop Buri,Thailand,Asia
Nakhon Phanom,Thailand,Asia
Kalasin,Thailand,Asia
Supham Buri,Thailand,Asia
Maha Sarakham,Thailand,Asia
Phetchabun,Thailand,Asia
Hua Hin,Thailand,Asia
Santiago,Chile,America
Concepcion,Chile,America
Valparaiso,Chile,America
Vina del Mar,Chile,America
Antofagasta,Chile,America
Talcahuano,Chile,America
Temuco,Chile,America
San Bernardo,Chile,America
Rancagua,Chile,America
Iquique,Chile,America
Talca,Chile,America
Arica,Chile,America
Puerto Montt,Chile,America
Coquimbo,Chile,America
Valdivia,Chile,America
La Serena,Chile,America
Osorno,Chile,America
Chillan,Chile,America
Calama,Chile,America
Copiapo,Chile,America
Punta Arenas,Chile,America
Curico,Chile,America
Coronel,Chile,America
Quillota,Chile,America
Ovalle,Chile,America
San Fernando,Chile,America
San Felipe,Chile,America
Los Andes,Chile,America
Madrid,Spain,Europe
Barcelona,Spain,Europe
Seville,Spain,Europe
Bilbao,Spain,Europe
Valencia,Spain,Europe
Zaragoza,Spain,Europe
Malaga,Spain,Europe
Murcia,Spain,Europe
Granada‎,Spain,Europe
Vigo,Spain,Europe
Las Palmas,Spain,Europe
Palma,Spain,Europe
La Coruna,Spain,Europe
San Sebastian,Spain,Europe
Santa Cruz de Tenerife,Spain,Europe
Gijon,Spain,Europe
Valladolid,Spain,Europe
Alicante,Spain,Europe
Cadiz,Spain,Europe
Oviedo,Spain,Europe
Vitoria,Spain,Europe
Santander,Spain,Europe
Marbella,Spain,Europe
Mataro,Spain,Europe
Castello,Spain,Europe
Almeria,Spain,Europe
Burgos,Spain,Europe
Albacete,Spain,Europe
Huelva,Spain,Europe
Logrono,Spain,Europe
Melilla,Spain,Europe
Badajoz,Spain,Europe
Tarragona,Spain,Europe
Ourense,Spain,Europe
Algeciras,Spain,Europe
Santiago de Compostela,Spain,Europe
Lorca,Spain,Europe
Ceuta,Spain,Europe
Arrecife,Spain,Europe
Ho Chi Minh City,Vietnam,Asia
Hanoi,Vietnam,Asia
Haiphong,Vietnam,Asia
Can Tho,Vietnam,Asia
Da Nang,Vietnam,Asia
Hue,Vietnam,Asia
Qui Nhon,Vietnam,Asia
Bien Hoa,Vietnam,Asia
Vinh,Vietnam,Asia
Thai Nguyen,Vietnam,Asia
Nha Trang,Vietnam,Asia
Ca Mau,Vietnam,Asia
Long Xuyen,Vietnam,Asia
Việt Tri,Vietnam,Asia
Buon Me Thuot,Vietnam,Asia
Phan Thiet,Vietnam,Asia
Rạch Gia,Vietnam,Asia
Soc Trăng,Vietnam,Asia
Da Lat,Vietnam,Asia
Quảng Ngai,Vietnam,Asia
Vung Tau,Vietnam,Asia
Thu Dau Mot,Vietnam,Asia
Nam Định,Vietnam,Asia
Bạc Lieu,Vietnam,Asia
Thai Binh,Vietnam,Asia
Thanh Hoa,Vietnam,Asia
Sơn Tay,Vietnam,Asia
Đồng Hới,Vietnam,Asia
Phan Rang,Vietnam,Asia
Hong Gai,Vietnam,Asia
Ha Tĩnh,Vietnam,Asia
Cao Lanh,Vietnam,Asia
Lạng Sơn,Vietnam,Asia
Cam Ranh,Vietnam,Asia
Play Ku,Vietnam,Asia
Tan An,Vietnam,Asia
Cẩm Phả,Vietnam,Asia
Tra Vinh,Vietnam,Asia
Ninh Binh,Vietnam,Asia
Tay Ninh,Vietnam,Asia
Mỹ Tho,Vietnam,Asia
Kon Tum,Vietnam,Asia
Hoa Binh,Vietnam,Asia
Vĩnh Long,Vietnam,Asia
Yen Bai,Vietnam,Asia
Quảng Trị,Vietnam,Asia
Chau Đốc,Vietnam,Asia
Tuy Hoa,Vietnam,Asia
Lao Chi,Vietnam,Asia
Truc Giang,Vietnam,Asia
Hai Duong,Vietnam,Asia
Bắc Giang,Vietnam,Asia
Toronto,Canada,America
Montreal,Canada,America
Ottawa,Canada,America
Calgary,Canada,America
Edmonton,Canada,America
Winnipeg,Canada,America
Quebec,Canada,America
Oshawa,Canada,America
Kitchener,Canada,America
Halifax,Canada,America
Windsor,Canada,America
Saskatoon,Canada,America
Barrie,Canada,America
Regina,Canada,America
Sudbury,Canada,America
Abbotsford,Canada,America
Sarnia,Canada,America
Sherbrooke,Canada,America
St. John's,Canada,America
Kelowna,Canada,America
Trois-Rivieres,Canada,America
Thunder Bay,Canada,America
Moncton,Canada,America
Saint John,Canada,America
Nanaimo,Canada,America
St.-Jerome,Canada,America
Red Deer,Canada,America
Lethbridge,Canada,America
Kamloops,Canada,America
Prince George,Canada,America
Medicine Hat,Canada,America
Drummondville,Canada,America
Chicoutimi,Canada,America
Fredericton,Canada,America
Chilliwack,Canada,America
North Bay,Canada,America
Singapore,Singapore,Asia
Luanda,Angola,Africa
Huambo,Angola,Africa
Lobito,Angola,Africa
Benguela,Angola,Africa
Namibe,Angola,Africa
Malanje,Angola,Africa
Lubango,Angola,Africa
Kuito,Angola,Africa
Cabinda,Angola,Africa
Capenda-Camulemba,Angola,Africa
Soyo,Angola,Africa
Mbanza-Congo,Angola,Africa
Uige,Angola,Africa
Baghdad,Iraq,Asia
Mosul,Iraq,Asia
Dahuk,Iraq,Asia
Irbil,Iraq,Asia
Basra,Iraq,Asia
As Sulaymaniyah,Iraq,Asia
An Najaf,Iraq,Asia
Kirkuk,Iraq,Asia
Al Hillah,Iraq,Asia
Karbala,Iraq,Asia
An Nasiriyah,Iraq,Asia
Ad Diwaniyah,Iraq,Asia
Al Amarah,Iraq,Asia
Al Kut,Iraq,Asia
Baqubah,Iraq,Asia
Ar Ramadi,Iraq,Asia
Az Aubayr,Iraq,Asia
Al Fallujah,Iraq,Asia
As Samawah,Iraq,Asia
Ash Shatrah,Iraq,Asia
Samarra,Iraq,Asia
Tall Afar,Iraq,Asia
Zakho,Iraq,Asia
Al Musayyib,Iraq,Asia
Tikrit,Iraq,Asia
Khartoum,Sudan,Africa
Omdurman,Sudan,Africa
Port Sudan,Sudan,Africa
Kassala,Sudan,Africa
El Obeid,Sudan,Africa
Niyala,Sudan,Africa
Kosti,Sudan,Africa
Medani,Sudan,Africa
El Fasher,Sudan,Africa
Gedaref,Sudan,Africa
Shendi,Sudan,Africa
Ad Damazīn,Sudan,Africa
Kadugli,Sudan,Africa
Atbara,Sudan,Africa
Geneina,Sudan,Africa
El Manaqil,Sudan,Africa
Sennar,Sudan,Africa
En Nuhud,Sudan,Africa
EdDamer,Sudan,Africa
Ed Dueim,Sudan,Africa
Tokar,Sudan,Africa
Umm Ruwaba,Sudan,Africa
Sydney,Australia,Oceania
Brisbane,Australia,Oceania
Perth,Australia,Oceania
Adelaide,Australia,Oceania
Gold Coast,Australia,Oceania
Cranbourne,Australia,Oceania
Canberra,Australia,Oceania
Wollongong,Australia,Oceania
Geelong,Australia,Oceania
Cairns,Australia,Oceania
Townsville,Australia,Oceania
Albury,Australia,Oceania
Nowra,Australia,Oceania
Darwin,Australia,Oceania
Toowoomba,Australia,Oceania
Ballarat,Australia,Oceania
Bendigo,Australia,Oceania
Hobart,Australia,Oceania
Mackay,Australia,Oceania
Mandurah,Australia,Oceania
Launceston,Australia,Oceania
Rockhampton,Australia,Oceania
Coffs Harbour,Australia,Oceania
Wagga Wagga,Australia,Oceania
Bundaberg,Australia,Oceania
Riyadh,Saudi Arabia,Asia
Jeddah,Saudi Arabia,Asia
Ad Damman,Saudi Arabia,Asia
Makkah,Saudi Arabia,Asia
Medina,Saudi Arabia,Asia
At Taif,Saudi Arabia,Asia
Al Hufuf,Saudi Arabia,Asia
Tabuk,Saudi Arabia,Asia
Buraydah,Saudi Arabia,Asia
Hail,Saudi Arabia,Asia
Najran,Saudi Arabia,Asia
Al-Qatif,Saudi Arabia,Asia
Al Mubarraz,Saudi Arabia,Asia
Al Kharj,Saudi Arabia,Asia
Yanbu al Bahr,Saudi Arabia,Asia
Hafar al Batin,Saudi Arabia,Asia
Al Jubayl,Saudi Arabia,Asia
Arar,Saudi Arabia,Asia
Abha,Saudi Arabia,Asia
Sakakah,Saudi Arabia,Asia
Jizan,Saudi Arabia,Asia
Az Zahran,Saudi Arabia,Asia
Qal at Bishah,Saudi Arabia,Asia
Rafha,Saudi Arabia,Asia
Johannesburg,South Africa,Africa
Cape Town,South Africa,Africa
Benoni,South Africa,Africa
Durban,South Africa,Africa
Pretoria,South Africa,Africa
Vereeniging,South Africa,Africa
Port Elizabeth,South Africa,Africa
Pietermaritzburg,South Africa,Africa
Bloemfontein,South Africa,Africa
Welkom,South Africa,Africa
East London,South Africa,Africa
Thohoyandou,South Africa,Africa
Springs,South Africa,Africa
Uitenhage,South Africa,Africa
Polokwane,South Africa,Africa
Paarl,South Africa,Africa
Klerksdorp,South Africa,Africa
George,South Africa,Africa
Rustenburg,South Africa,Africa
Kimberley,South Africa,Africa
Bhisho,South Africa,Africa
Middelburg,South Africa,Africa
Vryheid,South Africa,Africa
Umtata,South Africa,Africa
Potchefstroom,South Africa,Africa
Brits,South Africa,Africa
Queenstown,South Africa,Africa
Mmabatho,South Africa,Africa
Kroonstad,South Africa,Africa
Bethal,South Africa,Africa
Grahamstown,South Africa,Africa
Oudtshoorn,South Africa,Africa
Standerton,South Africa,Africa
Upington,South Africa,Africa
Saldanha,South Africa,Africa
Tzaneen,South Africa,Africa
Knysna,South Africa,Africa
Graaff Reinet,South Africa,Africa
Port Shepstone,South Africa,Africa
Berlin,Germany,Europe
Stuttgart,Germany,Europe
Frankfurt,Germany,Europe
Mannheim,Germany,Europe
Hamburg,Germany,Europe
Essen,Germany,Europe
Duisburg,Germany,Europe
Munich,Germany,Europe
Dusseldorf,Germany,Europe
Cologne,Germany,Europe
Wuppertal,Germany,Europe
Saarbrucken,Germany,Europe
Nurnberg,Germany,Europe
Bremen,Germany,Europe
Hannover,Germany,Europe
Bonn,Germany,Europe
Dresden,Germany,Europe
Wiesbaden,Germany,Europe
Dortmund,Germany,Europe
Leipzig,Germany,Europe
Heidelberg,Germany,Europe
Karlsruhe,Germany,Europe
Augsburg,Germany,Europe
Bielefeld,Germany,Europe
Koblenz,Germany,Europe
Chemnitz,Germany,Europe
Kassel,Germany,Europe
Munster,Germany,Europe
Kiel,Germany,Europe
Freiburg,Germany,Europe
Braunschweig,Germany,Europe
Furth,Germany,Europe
Lubeck,Germany,Europe
Osnabruck,Germany,Europe
Magdeburg,Germany,Europe
Potsdam,Germany,Europe
Erfurt,Germany,Europe
Rostock,Germany,Europe
Mainz,Germany,Europe
Ulm,Germany,Europe
Wurzburg,Germany,Europe
Oldenburg,Germany,Europe
Regensburg,Germany,Europe
Ingolstadt,Germany,Europe
Gottingen,Germany,Europe
Bremerhaven,Germany,Europe
Cottbus,Germany,Europe
Jena,Germany,Europe
Gera,Germany,Europe
Flensburg,Germany,Europe
Schwerin,Germany,Europe
Rosenheim,Germany,Europe
Gießen,Germany,Europe
Stralsund,Germany,Europe
Coburg,Germany,Europe
Hof,Germany,Europe
Emden,Germany,Europe
Passau,Germany,Europe
Algiers,Algeria,Africa
Oran,Algeria,Africa
Constantine,Algeria,Africa
Blida,Algeria,Africa
Annaba,Algeria,Africa
Chlef,Algeria,Africa
Bejaia,Algeria,Africa
Batna,Algeria,Africa
Setif,Algeria,Africa
Tlimcen,Algeria,Africa
Skikda,Algeria,Africa
Sidi bel Abbes,Algeria,Africa
Biskra,Algeria,Africa
Mostaganem,Algeria,Africa
Tiarat,Algeria,Africa
El Oued,Algeria,Africa
Ouargla,Algeria,Africa
Tebessa,Algeria,Africa
Djelfa,Algeria,Africa
M'sila,Algeria,Africa
Jijel,Algeria,Africa
Medea,Algeria,Africa
Tizi-Ouzou,Algeria,Africa
Bechar,Algeria,Africa
Saida,Algeria,Africa
Bordj Bou Arreridj,Algeria,Africa
Souk Ahras,Algeria,Africa
Touggourt,Algeria,Africa
Ghardaia,Algeria,Africa
Guelma,Algeria,Africa
Laghouat,Algeria,Africa
Bouira,Algeria,Africa
Mascara,Algeria,Africa
Oum el Bouaghi,Algeria,Africa
Tamanrasset,Algeria,Africa
El Bayadh,Algeria,Africa
Sefra,Algeria,Africa
Adrar,Algeria,Africa
Milan,Italy,Europe
Naples,Italy,Europe
Turin,Italy,Europe
Salerno,Italy,Europe
Palermo,Italy,Europe
Catania,Italy,Europe
Genoa,Italy,Europe
Bari,Italy,Europe
Bologna,Italy,Europe
Verona,Italy,Europe
Pescara,Italy,Europe
Cagliari,Italy,Europe
Venice,Italy,Europe
Messina,Italy,Europe
Como,Italy,Europe
Caserta,Italy,Europe
Trieste,Italy,Europe
Pisa,Italy,Europe
Taranto,Italy,Europe
Bergamo,Italy,Europe
Reggio di Calabria,Italy,Europe
Treviso,Italy,Europe
Modena,Italy,Europe
Lecce,Italy,Europe
Livorno,Italy,Europe
Foggia,Italy,Europe
Perugia,Italy,Europe
Ravenna,Italy,Europe
Ferrara,Italy,Europe
Siracusa,Italy,Europe
Sassari,Italy,Europe
Udine,Italy,Europe
Barletta,Italy,Europe
Trento,Italy,Europe
Brindisi,Italy,Europe
Novara,Italy,Europe
Ancona,Italy,Europe
Bolzano,Italy,Europe
Catanzaro,Italy,Europe
Arezzo,Italy,Europe
Marsala,Italy,Europe
Asti,Italy,Europe
Potenza,Italy,Europe
Ragusa,Italy,Europe
L'Aquila,Italy,Europe
Benevento,Italy,Europe
Civitavecchia,Italy,Europe
Crotone,Italy,Europe
Siena,Italy,Europe
Campobasso,Italy,Europe
Kabul,Afghanistan,Asia
Kandahar,Afghanistan,Asia
Jalalabad,Afghanistan,Asia
Herat,Afghanistan,Asia
Mazar-e Sharif,Afghanistan,Asia
Kondoz,Afghanistan,Asia
Baghlan,Afghanistan,Asia
Lashkar Gah,Afghanistan,Asia
Meymaneh,Afghanistan,Asia
Balkh,Afghanistan,Asia
Ghazni,Afghanistan,Asia
Gardiz,Afghanistan,Asia
Sheberghan,Afghanistan,Asia
Farah,Afghanistan,Asia
Andkhvoy,Afghanistan,Asia
Feyzabad,Afghanistan,Asia
Taloqan,Afghanistan,Asia
Bamian,Afghanistan,Asia
Pol-e Khomri,Afghanistan,Asia
Charikar,Afghanistan,Asia
Thessaloniki,Greece,Europe
Piraeus,Greece,Europe
Patra,Greece,Europe
Iraklio,Greece,Europe
Larissa,Greece,Europe
Volos,Greece,Europe
Ioanina,Greece,Europe
Hania,Greece,Europe
Agrinio,Greece,Europe
Chalkida,Greece,Europe
Kalamata,Greece,Europe
Kavala,Greece,Europe
Rodos,Greece,Europe
Seres,Greece,Europe
Katerini,Greece,Europe
Alexandroupoli,Greece,Europe
Xanthi,Greece,Europe
Casablanca,Morocco,Africa
Rabat,Morocco,Africa
Fez,Morocco,Africa
Marrakesh,Morocco,Africa
Agadir,Morocco,Africa
Tangier,Morocco,Africa
Meknes,Morocco,Africa
Kenitra,Morocco,Africa
Oujda,Morocco,Africa
Safi,Morocco,Africa
Ksar El Kebir,Morocco,Africa
Er Rachidia,Morocco,Africa
Taza,Morocco,Africa
El Jadida,Morocco,Africa
Settat,Morocco,Africa
Larache,Morocco,Africa
Goulimine,Morocco,Africa
Ouezzane,Morocco,Africa
Tan Tan,Morocco,Africa
Tiznit,Morocco,Africa
Tel Aviv,Israel,Asia
Jerusalem,Israel,Asia
Haifa,Israel,Asia
Beer Sheva,Israel,Asia
Nazareth,Israel,Asia
Ramla,Israel,Asia
Addis Ababa,Ethiopia,Africa
Nazret,Ethiopia,Africa
Dire Dawa,Ethiopia,Africa
Bahir Dar,Ethiopia,Africa
Dese,Ethiopia,Africa
Harar,Ethiopia,Africa
Gondar,Ethiopia,Africa
Awasa,Ethiopia,Africa
Jima,Ethiopia,Africa
Giyon,Ethiopia,Africa
Shashemene,Ethiopia,Africa
Adigrat,Ethiopia,Africa
Mekele,Ethiopia,Africa
Hosaina,Ethiopia,Africa
Asela,Ethiopia,Africa
Gode,Ethiopia,Africa
Nekemte,Ethiopia,Africa
Debre Markos,Ethiopia,Africa
Arba Minch,Ethiopia,Africa
Sodo,Ethiopia,Africa
Debre Birhan,Ethiopia,Africa
Jijiga,Ethiopia,Africa
Nairobi,Kenya,Africa
Mombasa,Kenya,Africa
Kisumu,Kenya,Africa
Nakuru,Kenya,Africa
Eldoret,Kenya,Africa
Kitale,Kenya,Africa
Machakos,Kenya,Africa
Thika,Kenya,Africa
Kericho,Kenya,Africa
Malindi,Kenya,Africa
Kendu Bay,Kenya,Africa
Kilifi,Kenya,Africa
Sotik,Kenya,Africa
Garissa,Kenya,Africa
Kakamega,Kenya,Africa
Embu,Kenya,Africa
Bungoma,Kenya,Africa
Nyeri,Kenya,Africa
Caracas,Venezuela,America
Maracaibo,Venezuela,America
Barquisimeto,Venezuela,America
Maracay,Venezuela,America
Ciudad Guayana,Venezuela,America
Puerto la Cruz,Venezuela,America
Cabimas,Venezuela,America
San Cristobal,Venezuela,America
Maturin,Venezuela,America
Merida,Venezuela,America
Ciudad Bolivar,Venezuela,America
Cumana,Venezuela,America
Maiquetia,Venezuela,America
Los Teques,Venezuela,America
Barinas,Venezuela,America
Acarigua,Venezuela,America
Punto Fijo,Venezuela,America
El Tigre,Venezuela,America
Porlamar,Venezuela,America
Coro,Venezuela,America
Valera,Venezuela,America
Puerto Cabello,Venezuela,America
Ocumare del Tuy,Venezuela,America
Guanare,Venezuela,America
Carora,Venezuela,America
Carupano,Venezuela,America
San Fernando de Apure,Venezuela,America
Anaco,Venezuela,America
Calabozo,Venezuela,America
San Carlos del Zulia,Venezuela,America
Valle de la Pascua,Venezuela,America
San Juan De Los Morros,Venezuela,America
San Carlos,Venezuela,America
Machiques,Venezuela,America
Upata,Venezuela,America
Puerto Ayacucho,Venezuela,America
Tucupita,Venezuela,America
Dar es Salaam,Tanzania,Africa
Moshi,Tanzania,Africa
Mwanza,Tanzania,Africa
Zanzibar,Tanzania,Africa
Arusha,Tanzania,Africa
Mbeya,Tanzania,Africa
Morogoro,Tanzania,Africa
Tanga,Tanzania,Africa
Dodoma,Tanzania,Africa
Kigoma,Tanzania,Africa
Tabora,Tanzania,Africa
Musoma,Tanzania,Africa
Tukuyu,Tanzania,Africa
Songea,Tanzania,Africa
Iringa,Tanzania,Africa
Shinyanga,Tanzania,Africa
Bukoba,Tanzania,Africa
Mtwara,Tanzania,Africa
Kilosa,Tanzania,Africa
Sumbawanga,Tanzania,Africa
Bagamoyo,Tanzania,Africa
Uvinza,Tanzania,Africa
Mpanda,Tanzania,Africa
Singida,Tanzania,Africa
Korogwe,Tanzania,Africa
Lisbon,Portugal,Europe
Porto,Portugal,Europe
Braga,Portugal,Europe
Funchal,Portugal,Europe
Setubal,Portugal,Europe
Coimbra,Portugal,Europe
Ponta Delgada,Portugal,Europe
Portimao,Portugal,Europe
Évora,Portugal,Europe
Aveiro,Portugal,Europe
Katowice,Poland,Europe
Warsaw,Poland,Europe
Łodź,Poland,Europe
Krakow,Poland,Europe
Gdańsk,Poland,Europe
Bytom,Poland,Europe
Wrocław,Poland,Europe
Poznań,Poland,Europe
Gliwice,Poland,Europe
Szczecin,Poland,Europe
Bydgoszcz,Poland,Europe
Lublin,Poland,Europe
Gdynia,Poland,Europe
Białystok,Poland,Europe
Rzeszow,Poland,Europe
Kielce,Poland,Europe
Olsztyn,Poland,Europe
Opole,Poland,Europe
Elbląg,Poland,Europe
Zielona Gora,Poland,Europe
Koszalin,Poland,Europe
Grudziądz,Poland,Europe
Inowrocław,Poland,Europe
Ełk,Poland,Europe
Aleppo,Syria,Asia
Damascus,Syria,Asia
Hims,Syria,Asia
Al Ladhiqiyah,Syria,Asia
Douma,Syria,Asia
Hamah,Syria,Asia
Dayr az Zawr,Syria,Asia
Ar Raqqah,Syria,Asia
Tartus,Syria,Asia
Dar'a,Syria,Asia
Idlib,Syria,Asia
Al Hasakah,Syria,Asia
Manbij,Syria,Asia
Al Qamishli,Syria,Asia
Madinat ath Thawrah,Syria,Asia
Abu Kamal,Syria,Asia
As Suwayda,Syria,Asia
Tadmur,Syria,Asia
Ad Nabk,Syria,Asia
Dakar,Senegal,Africa
Thies,Senegal,Africa
Kaolack,Senegal,Africa
Ziguinchor,Senegal,Africa
Diourbel,Senegal,Africa
Tambacounda,Senegal,Africa
Louga,Senegal,Africa
Kolda,Senegal,Africa
Guayaquil,Ecuador,America
Quito,Ecuador,America
Cuenca,Ecuador,America
Ambato,Ecuador,America
Portoviejo,Ecuador,America
Machala,Ecuador,America
Manta,Ecuador,America
Sangolqui,Ecuador,America
Esmeraldas,Ecuador,America
Riobamba,Ecuador,America
Ibarra,Ecuador,America
Loja,Ecuador,America
Milagro,Ecuador,America
Latacunga,Ecuador,America
Tulcan,Ecuador,America
Babahoyo,Ecuador,America
Azogues,Ecuador,America
George Town,Malaysia,Asia
Kuala Lumpur,Malaysia,Asia
Kelang,Malaysia,Asia
Johor Bahru,Malaysia,Asia
Butterworth,Malaysia,Asia
Malacca,Malaysia,Asia
Ipoh,Malaysia,Asia
Kuching,Malaysia,Asia
Kota Kinabalu,Malaysia,Asia
Kota Baharu,Malaysia,Asia
Shah Alam,Malaysia,Asia
Sandakan,Malaysia,Asia
Seremban,Malaysia,Asia
Kuantan,Malaysia,Asia
Sungai Petani,Malaysia,Asia
Kuala Terengganu,Malaysia,Asia
Alor Setar,Malaysia,Asia
Tawau,Malaysia,Asia
Taiping,Malaysia,Asia
Miri,Malaysia,Asia
Sibu,Malaysia,Asia
Batu Pahat,Malaysia,Asia
Muar,Malaysia,Asia
Keluang,Malaysia,Asia
Bintulu,Malaysia,Asia
Lahad Datu,Malaysia,Asia
Teluk Intan,Malaysia,Asia
Chukai,Malaysia,Asia
Putrajaya,Malaysia,Asia
Kangar,Malaysia,Asia
Tunis,Tunisia,Africa
Sfax,Tunisia,Africa
Sousse,Tunisia,Africa
Gabes,Tunisia,Africa
Zarzis,Tunisia,Africa
Qairouan,Tunisia,Africa
Bizerte,Tunisia,Africa
Gafsa,Tunisia,Africa
Nabeul,Tunisia,Africa
L'Ariana,Tunisia,Africa
Qasserine,Tunisia,Africa
Monastir,Tunisia,Africa
Tataouine,Tunisia,Africa
Medenine,Tunisia,Africa
Beja,Tunisia,Africa
Jendouba,Tunisia,Africa
Vienna,Austria,Europe
Linz,Austria,Europe
Graz,Austria,Europe
Salzburg,Austria,Europe
Innsbruck,Austria,Europe
Klagenfurt,Austria,Europe
Wiener Neustadt,Austria,Europe
Tripoli,Libya,Africa
Banghazi,Libya,Africa
Misratah,Libya,Africa
Tubruq,Libya,Africa
Al Khums,Libya,Africa
Az Zawiyah,Libya,Africa
Zuwarah,Libya,Africa
Al Marj,Libya,Africa
Gharyan,Libya,Africa
Ajdabiya,Libya,Africa
Surt,Libya,Africa
Darnah,Libya,Africa
Sabha,Libya,Africa
Nalut,Libya,Africa
Bani Walid,Libya,Africa
Marzuq,Libya,Africa
Havana,Cuba,America
Santiago de Cuba,Cuba,America
Camaguey,Cuba,America
Holguin,Cuba,America
Guantanamo,Cuba,America
Las Tunas,Cuba,America
Bayamo,Cuba,America
Pinar del Rio,Cuba,America
Cienfuegos,Cuba,America
Matanzas,Cuba,America
Ciego de Ávila,Cuba,America
Sancti Spiritus,Cuba,America
Palma Soriano,Cuba,America
Guines,Cuba,America
Artemisa,Cuba,America
Moron,Cuba,America
Colon,Cuba,America
Sagua la Grande,Cuba,America
Placetas,Cuba,America
Nuevitas,Cuba,America
Banes,Cuba,America
Santo Domingo,Dominican Republic,America
San Pedro de Macoris,Dominican Republic,America
La Romana,Dominican Republic,America
La Vega,Dominican Republic,America
San Francisco de Macoris,Dominican Republic,America
Higuey,Dominican Republic,America
Puerto Plata,Dominican Republic,America
Barahona,Dominican Republic,America
Bonao,Dominican Republic,America
Bani,Dominican Republic,America
Moca,Dominican Republic,America
Azua,Dominican Republic,America
Accra,Ghana,Africa
Kumasi,Ghana,Africa
Tamale,Ghana,Africa
Sekondi,Ghana,Africa
Tema,Ghana,Africa
Obuasi,Ghana,Africa
Koforidua,Ghana,Africa
Cape Coast,Ghana,Africa
Ho,Ghana,Africa
Bolgatanga,Ghana,Africa
Wa,Ghana,Africa
Bawku,Ghana,Africa
Sunyani,Ghana,Africa
Nkawkaw,Ghana,Africa
Cochabamba,Bolivia,America
Oruro,Bolivia,America
Quillacollo,Bolivia,America
Sucre,Bolivia,America
Potosi,Bolivia,America
Tarija,Bolivia,America
Montero,Bolivia,America
Trinidad,Bolivia,America
Riberalta,Bolivia,America
Kuwait,Kuwait,Asia
Al Jahra,Kuwait,Asia
Al Ahmadi,Kuwait,Asia
Port-au-Prince,Haiti,America
Cap-Haitien,Haiti,America
Les Cayes,Haiti,America
Gonaives,Haiti,America
Bucharest,Romania,Europe
Iași,Romania,Europe
Cluj-Napoca,Romania,Europe
Timișoara,Romania,Europe
Galați,Romania,Europe
Brașov,Romania,Europe
Craiova,Romania,Europe
Constanța,Romania,Europe
Ploiești,Romania,Europe
Oradea,Romania,Europe
Brăila,Romania,Europe
Bacău,Romania,Europe
Pitești,Romania,Europe
Arad,Romania,Europe
Sibiu,Romania,Europe
Tirgu Mures,Romania,Europe
Baia Mare,Romania,Europe
Buzău,Romania,Europe
Botoșani,Romania,Europe
Satu Mare,Romania,Europe
Rimnicu Vilcea,Romania,Europe
Drobeta-Turnu Severin,Romania,Europe
Suceava,Romania,Europe
Focșani,Romania,Europe
Piatra-Neamt,Romania,Europe
Targu Jiu,Romania,Europe
Tulcea,Romania,Europe
Targoviște,Romania,Europe
Reșița,Romania,Europe
Bistrița,Romania,Europe
Slatina,Romania,Europe
Călărași,Romania,Europe
Vaslui,Romania,Europe
Giurgiu,Romania,Europe
Deva,Romania,Europe
Alba Lulia,Romania,Europe
Zalău,Romania,Europe
Sfintu-Gheorghe,Romania,Europe
Slobozia,Romania,Europe
Douala,Cameroon,Africa
Yaounde,Cameroon,Africa
Bamenda,Cameroon,Africa
Garoua,Cameroon,Africa
Maroua,Cameroon,Africa
Bafoussam,Cameroon,Africa
Ngaoundere,Cameroon,Africa
Bertoua,Cameroon,Africa
Limbe,Cameroon,Africa
Edea,Cameroon,Africa
Kumba,Cameroon,Africa
Kumbo,Cameroon,Africa
Nkongsamba,Cameroon,Africa
Bafang,Cameroon,Africa
Foumban,Cameroon,Africa
Buea,Cameroon,Africa
Ebolowa,Cameroon,Africa
Guider,Cameroon,Africa
Mbalmayo,Cameroon,Africa
Meiganga,Cameroon,Africa
Bafia,Cameroon,Africa
Wum,Cameroon,Africa
Kribi,Cameroon,Africa
Asuncion,Paraguay,America
San Lorenzo,Paraguay,America
Encarnacion,Paraguay,America
Ciudad del Este,Paraguay,America
Pedro Juan Caballero,Paraguay,America
Coronel Oviedo,Paraguay,America
Beirut,Lebanon,Asia
Trablous,Lebanon,Asia
Saida,Lebanon,Asia
Nabatiye et Tahta,Lebanon,Asia
Zahle,Lebanon,Asia
Brussels,Belgium,Europe
Antwerpen,Belgium,Europe
Liege,Belgium,Europe
Gent,Belgium,Europe
Charleroi,Belgium,Europe
Brugge,Belgium,Europe
Namur,Belgium,Europe
Mons,Belgium,Europe
Hasselt,Belgium,Europe
Antananarivo,Madagascar,Africa
Antsirabe,Madagascar,Africa
Toamasina,Madagascar,Africa
Fianarantsoa,Madagascar,Africa
Mahajanga,Madagascar,Africa
Toliara,Madagascar,Africa
Antsiranana,Madagascar,Africa
Budapest,Hungary,Europe
Miskolc,Hungary,Europe
Debrecen,Hungary,Europe
Szeged,Hungary,Europe
Pecs,Hungary,Europe
Nyiregyhaza,Hungary,Europe
Szekesfehervar,Hungary,Europe
Győr,Hungary,Europe
Kecskemet,Hungary,Europe
Szombathely,Hungary,Europe
Szolnok,Hungary,Europe
Kaposvar,Hungary,Europe
Tatabanya,Hungary,Europe
Bekescsaba,Hungary,Europe
Veszprem,Hungary,Europe
Zalaegerszeg,Hungary,Europe
Eger,Hungary,Europe
Harare,Zimbabwe,Africa
Bulawayo,Zimbabwe,Africa
Chitungwiza,Zimbabwe,Africa
Mutare,Zimbabwe,Africa
Gweru,Zimbabwe,Africa
Kwekwe,Zimbabwe,Africa
Kadoma,Zimbabwe,Africa
Masvingo,Zimbabwe,Africa
Chinhoyi,Zimbabwe,Africa
Montevideo,Uruguay,America
Rivera,Uruguay,America
Punta del Este,Uruguay,America
Salto,Uruguay,America
Paysandu,Uruguay,America
Melo,Uruguay,America
Maldonado,Uruguay,America
Tacuarembo,Uruguay,America
Bamako,Mali,Africa
Sikasso,Mali,Africa
Segou,Mali,Africa
Gao,Mali,Africa
Mopti,Mali,Africa
Koutiala,Mali,Africa
Kayes,Mali,Africa
Timbuktu,Mali,Africa
Kati,Mali,Africa
Markala,Mali,Africa
Conakry,Guinea,Africa
Gueckedou,Guinea,Africa
Nzerekore,Guinea,Africa
Labe,Guinea,Africa
Kindia,Guinea,Africa
Boke,Guinea,Africa
Kankan,Guinea,Africa
Mamou,Guinea,Africa
Kissidougou,Guinea,Africa
Siguiri,Guinea,Africa
Phnom Penh,Cambodia,Asia
Battambang,Cambodia,Asia
Siem Reap,Cambodia,Asia
Kampong Cham,Cambodia,Asia
Kompong Chhnang,Cambodia,Asia
Prey Veng,Cambodia,Asia
Pursat,Cambodia,Asia
Sisophon,Cambodia,Asia
Kampot,Cambodia,Asia
Lome,Togo,Africa
Sokode,Togo,Africa
Kpalime,Togo,Africa
Atakpame,Togo,Africa
Bassar,Togo,Africa
Maputo,Mozambique,Africa
Matola,Mozambique,Africa
Beira,Mozambique,Africa
Nampula,Mozambique,Africa
Chimoio,Mozambique,Africa
Nacala,Mozambique,Africa
Quelimane,Mozambique,Africa
Tete,Mozambique,Africa
Xai-Xai,Mozambique,Africa
Maxixe,Mozambique,Africa
Inhambane,Mozambique,Africa
Pemba,Mozambique,Africa
Lichinga,Mozambique,Africa
Dondo,Mozambique,Africa
Cuamba,Mozambique,Africa
Montepuez,Mozambique,Africa
Mocuba,Mozambique,Africa
Angoche,Mozambique,Africa
Mocambique,Mozambique,Africa
San Salvador,El Salvador,America
San Miguel,El Salvador,America
Sonsonate,El Salvador,America
Nueva San Salvador,El Salvador,America
Usulutan,El Salvador,America
Kampala,Uganda,Africa
Mbale,Uganda,Africa
Jinja,Uganda,Africa
Arua,Uganda,Africa
Entebbe,Uganda,Africa
Tororo,Uganda,Africa
Gulu,Uganda,Africa
Lira,Uganda,Africa
Mbarara,Uganda,Africa
Bombo,Uganda,Africa
Kasese,Uganda,Africa
Masaka,Uganda,Africa
Kitgum,Uganda,Africa
The Hague,Netherlands,Europe
Amsterdam,Netherlands,Europe
Rotterdam,Netherlands,Europe
Utrecht,Netherlands,Europe
Eindhoven,Netherlands,Europe
Haarlem,Netherlands,Europe
Groningen,Netherlands,Europe
Arnhem,Netherlands,Europe
's-Hertogenbosch,Netherlands,Europe
Leeuwarden,Netherlands,Europe
Maastricht,Netherlands,Europe
Zwolle,Netherlands,Europe
Assen,Netherlands,Europe
Auckland,New Zealand,Oceania
Manukau,New Zealand,Oceania
Christchurch,New Zealand,Oceania
Waitakere,New Zealand,Oceania
North Shore,New Zealand,Oceania
Tauranga,New Zealand,Oceania
Dunedin,New Zealand,Oceania
Lower Hutt,New Zealand,Oceania
Palmerston North,New Zealand,Oceania
Nelson,New Zealand,Oceania
Napier,New Zealand,Oceania
Rotorua,New Zealand,Oceania
Porirua,New Zealand,Oceania
New Plymouth,New Zealand,Oceania
Whangarei,New Zealand,Oceania
Lusaka,Zambia,Africa
Kitwe,Zambia,Africa
Ndola,Zambia,Africa
Kasama,Zambia,Africa
Kabwe,Zambia,Africa
Chingola,Zambia,Africa
Livingstone,Zambia,Africa
Mufulira,Zambia,Africa
Luanshya,Zambia,Africa
Chipata,Zambia,Africa
Chililabombwe,Zambia,Africa
Solwezi,Zambia,Africa
Mazabuka,Zambia,Africa
Mongu,Zambia,Africa
San Jose,Costa Rica,America
Alajuela,Costa Rica,America
Puerto Limon,Costa Rica,America
Puntarenas,Costa Rica,America
David,Panama,America
Balboa,Panama,America
Stockholm,Sweden,Europe
Goteborg,Sweden,Europe
Malmo,Sweden,Europe
Uppsala,Sweden,Europe
Vasteras,Sweden,Europe
Orebro,Sweden,Europe
Linkoping,Sweden,Europe
Helsingborg,Sweden,Europe
Jonkoping,Sweden,Europe
Norrkoping,Sweden,Europe
Umea,Sweden,Europe
Karlstad,Sweden,Europe
Sundsvall,Sweden,Europe
Gavle,Sweden,Europe
Boras,Sweden,Europe
Vaxjo,Sweden,Europe
Halmstad,Sweden,Europe
Geneva,Switzerland,Europe
Zurich,Switzerland,Europe
Basel,Switzerland,Europe
Bern,Switzerland,Europe
Lausanne,Switzerland,Europe
Luzern,Switzerland,Europe
Lugano,Switzerland,Europe
Biel,Switzerland,Europe
Saint Gallen,Switzerland,Europe
Sofia,Bulgaria,Europe
Plovdiv,Bulgaria,Europe
Varna,Bulgaria,Europe
Burgas,Bulgaria,Europe
Ruse,Bulgaria,Europe
Stara Zagora,Bulgaria,Europe
Pleven,Bulgaria,Europe
Sliven,Bulgaria,Europe
Dobrich,Bulgaria,Europe
Shumen,Bulgaria,Europe
Pernik,Bulgaria,Europe
Khaskovo,Bulgaria,Europe
Vratsa,Bulgaria,Europe
Turnovo,Bulgaria,Europe
Kyustendil,Bulgaria,Europe
Ouagadougou,Burkina Faso,Africa
Bobo Dioulasso,Burkina Faso,Africa
Koudougou,Burkina Faso,Africa
Ouahigouya,Burkina Faso,Africa
Banfora,Burkina Faso,Africa
Helsinki,Finland,Europe
Tampere,Finland,Europe
Turku,Finland,Europe
Oulu,Finland,Europe
Lahti,Finland,Europe
Jyvaskyla,Finland,Europe
Kuopio,Finland,Europe
Pori,Finland,Europe
Lappeenranta,Finland,Europe
Vaasa,Finland,Europe
Joensuu,Finland,Europe
Mogadishu,Somalia,Africa
Kismaayo,Somalia,Africa
Jamaame,Somalia,Africa
Baydhabo,Somalia,Africa
Jawhar,Somalia,Africa
Beledweyne,Somalia,Africa
Gaalkacyo,Somalia,Africa
Belgrade,Serbia,Europe
Nis,Serbia,Europe
Novi Sad,Serbia,Europe
Kragujevac,Serbia,Europe
Cacak,Serbia,Europe
Subotica,Serbia,Europe
Zrenjanin,Serbia,Europe
Copenhagen,Denmark,Europe
Arhus,Denmark,Europe
Odense,Denmark,Europe
Aalborg,Denmark,Europe
Esbjerg,Denmark,Europe
Vejle,Denmark,Europe
Amman,Jordan,Asia
Az Zarqa,Jordan,Asia
Irbid,Jordan,Asia
As Salt,Jordan,Asia
Al Aqabah,Jordan,Asia
Al Karak,Jordan,Asia
Al Mafraq,Jordan,Asia
Ma'an,Jordan,Asia
Cork,Ireland,Europe
Limerick,Ireland,Europe
Galway,Ireland,Europe
Monrovia,Liberia,Africa
Guatemala,Guatemala,America
Quetzaltenango,Guatemala,America
El Progreso,Guatemala,America
Huehuetenango,Guatemala,America
Chimaltenango,Guatemala,America
Totonicapan,Guatemala,America
Coban,Guatemala,America
Mazatenango,Guatemala,America
Puerto Barrios,Guatemala,America
Jutiapa,Guatemala,America
Ndjamena,Chad,Africa
Bongor,Chad,Africa
Sarh,Chad,Africa
Abeche,Chad,Africa
Moundou,Chad,Africa
Kelo,Chad,Africa
Tegucigalpa,Honduras,America
San Pedro Sula,Honduras,America
La Ceiba,Honduras,America
Choluteca,Honduras,America
Comayagua,Honduras,America
Spanish Town,Jamaica,America
May Pen,Jamaica,America
Montego Bay,Jamaica,America
Half Way Tree,Jamaica,America
Djibouti,Djibouti,Africa
Managua,Nicaragua,America
Chinandega,Nicaragua,America
Masaya,Nicaragua,America
Matagalpa,Nicaragua,America
Esteli,Nicaragua,America
Juigalpa,Nicaragua,America
Jinotega,Nicaragua,America
Niamey,Niger,Africa
Maradi,Niger,Africa
Zinder,Niger,Africa
Agadez,Niger,Africa
Tahoua,Niger,Africa
Arlit,Niger,Africa
Birni Nkonni,Niger,Africa
Tirana,Albania,Europe
Elbasan,Albania,Europe
Shkoder,Albania,Europe
Durres,Albania,Europe
Vlore,Albania,Europe
Fier,Albania,Europe
Korce,Albania,Europe
Kathmandu,Nepal,Asia
Lalitpur,Nepal,Asia
Hetauda,Nepal,Asia
Pokhara,Nepal,Asia
Biratnagar,Nepal,Asia
Birganj,Nepal,Asia
Dhangarhi,Nepal,Asia
Nepalganj,Nepal,Asia
Bhairawa,Nepal,Asia
Ulaanbaatar,Mongolia,Asia
Erdenet,Mongolia,Asia
Darhan,Mongolia,Asia
Kigali,Rwanda,Africa
Nyanza,Rwanda,Africa
Gitarama,Rwanda,Africa
Ruhengeri,Rwanda,Africa
Gisenyi,Rwanda,Africa
Butare,Rwanda,Africa
Byumba,Rwanda,Africa
Oslo,Norway,Europe
Bergen,Norway,Europe
Stavanger,Norway,Europe
Trondheim,Norway,Europe
Bærum,Norway,Europe
Drammen,Norway,Europe
Skien,Norway,Europe
Kristiansand,Norway,Europe
Tromsø,Norway,Europe
Bangui,Central African Republic,Africa
Mbaiki,Central African Republic,Africa
Bossangoa,Central African Republic,Africa
Bambari,Central African Republic,Africa
Berberati,Central African Republic,Africa
Kaga Bandoro,Central African Republic,Africa
Freetown,Sierra Leone,Africa
Bo,Sierra Leone,Africa
Kenema,Sierra Leone,Africa
Makeni,Sierra Leone,Africa
Koidu,Sierra Leone,Africa
Cotonou,Benin,Africa
Porto-Novo,Benin,Africa
Djougou,Benin,Africa
Parakou,Benin,Africa
Kandi,Benin,Africa
Lokossa,Benin,Africa
Ouidah,Benin,Africa
Abomey,Benin,Africa
Natitingou,Benin,Africa
Nouakchott,Mauritania,Africa
Nema,Mauritania,Africa
Nouadhibou,Mauritania,Africa
Kiffa,Mauritania,Africa
Zouirat,Mauritania,Africa
Muscat,Oman,Asia
As Sib,Oman,Asia
Salalah,Oman,Asia
Suhar,Oman,Asia
Ibri,Oman,Asia
Nizwa,Oman,Asia
Zagreb,Croatia,Europe
Split,Croatia,Europe
Rijeka,Croatia,Europe
Slavonski Brod,Croatia,Europe
Osijek,Croatia,Europe
Zadar,Croatia,Europe
Pula,Croatia,Europe
Karlovac,Croatia,Europe
Lilongwe,Malawi,Africa
Blantyre,Malawi,Africa
Mzuzu,Malawi,Africa
Mangochi,Malawi,Africa
Zomba,Malawi,Africa
Salima,Malawi,Africa
Nkhotakota,Malawi,Africa
Asmara,Eritrea,Africa
Mendefera,Eritrea,Africa
Keren,Eritrea,Africa
Massawa,Eritrea,Africa
Assab,Eritrea,Africa
Port Louis,Mauritius,Africa
Curepipe,Mauritius,Africa
Libreville,Gabon,Africa
Port-Gentil,Gabon,Africa
Manama,Bahrain,Asia
Bissau,Guinea-Bissau,Africa
Maseru,Lesotho,Africa
Mafetang,Lesotho,Africa
Bujumbura,Burundi,Africa
Muyinga,Burundi,Africa
Ljubljana,Slovenia,Europe
Maribor,Slovenia,Europe
Windhoek,Namibia,Africa
Rundu,Namibia,Africa
Walvis Bay,Namibia,Africa
Jaffna,Sri Lanka,Asia
Colombo,Sri Lanka,Asia
Moratuwa,Sri Lanka,Asia
Batticaloa,Sri Lanka,Asia
Anuradhapura,Sri Lanka,Asia
Sri Jawewardenepura Kotte,Sri Lanka,Asia
Kandy,Sri Lanka,Asia
Trincomalee,Sri Lanka,Asia
Kilinochchi,Sri Lanka,Asia
Galle,Sri Lanka,Asia
Matara,Sri Lanka,Asia
Gaborone,Botswana,Africa
Francistown,Botswana,Africa
Lobatse,Botswana,Africa
Molepolole,Botswana,Africa
Mahalapye,Botswana,Africa
St.-Denis,Reunion,Africa
Bata,Equatorial Guinea,Africa
Malabo,Equatorial Guinea,Africa
Reykjavik,Iceland,Europe
Podgorica,Montenegro,Europe
Moroni,Comoros,Africa
Manzini,Swaziland,Africa
Mbabane,Swaziland,Africa
Seoul,Korea,Asia
Hong Kong,China,Asia
Moscow,Russia,Asia
